id,xmin,ymin,xmax,ymax,direction
image_0,-228.87714385986328,223.6187400817871,-110.61487913131714,416.3587894439697,1
image_2,871.8668460845947,218.14234161376953,945.3596305847168,423.0768539905548,0
image_3,-224.58996534347534,220.84014320373535,-146.4019739627838,409.74729442596436,0
image_4,898.9811897277832,215.76809310913086,956.2790966033936,429.13394355773926,1
image_5,-166.9759225845337,223.75564002990723,-118.48630428314209,369.3323769569397,1
image_7,818.7552452087402,224.82557678222656,882.4551773071289,365.59064531326294,1
image_9,-293.9501953125,223.9131965637207,-177.6994800567627,407.16258907318115,0
image_10,-307.3855948448181,215.6910743713379,-243.78775835037231,438.10311102867126,0
image_11,852.6660060882568,222.4197998046875,913.0372524261475,386.7249503135681,0
image_12,-246.37405157089233,220.73351287841797,-129.44802045822144,440.0395050048828,1
image_13,838.6223888397217,225.40161514282227,887.019739151001,358.805965423584,0
image_14,818.8780689239502,225.51774406433105,917.5978660583496,383.8893475532532,1
image_15,836.266508102417,219.19926071166992,959.2206001281738,447.5068893432617,1
image_16,821.3584899902344,223.66111183166504,859.4090366363525,365.9085478782654,0
image_17,793.7331962585449,227.98311614990234,877.3952865600586,361.38680124282837,1
image_18,-171.52729868888855,229.0566864013672,-89.55160439014435,354.8977937698364,1
image_19,825.699634552002,213.0535831451416,920.0780296325684,457.7654322385788,1
image_20,831.2208652496338,224.06139755249023,862.7770328521729,360.4335870742798,1
image_21,-159.4058918952942,225.25507354736328,-93.22484135627747,364.011088848114,1
image_23,-219.90354537963867,222.09063911437988,-99.15162205696106,421.4453806877136,1
image_25,846.7417144775391,223.42258834838867,924.68825340271,382.12145709991455,0
image_26,812.1646499633789,227.68757247924805,910.4415607452393,378.37031984329224,1
image_27,-224.66935873031616,222.0821704864502,-94.17949318885803,429.62090396881104,1
image_28,-310.0749707221985,222.28149795532227,-163.13591122627258,454.14549255371094,1
image_29,822.5320529937744,226.30835914611816,905.1767063140869,367.3930826187134,0
image_30,873.2790184020996,220.42807006835938,997.3162078857422,452.06619942188263,0
image_31,-171.27361536026,227.50378036499023,-83.33891093730927,367.8344955444336,1
image_32,-271.7014217376709,220.83716773986816,-151.10130071640015,443.9450194835663,1
image_33,-189.0041971206665,227.5010051727295,-113.71816277503967,356.7970552444458,0
image_34,822.3130989074707,225.47565841674805,885.0076103210449,363.1540479660034,1
image_35,885.5064582824707,217.65519523620605,941.5002536773682,410.73559188842773,0
image_37,-251.94210290908813,221.7829074859619,-105.64734220504761,448.9063444137573,1
image_40,884.252986907959,214.2437400817871,939.8289585113525,440.8452978134155,1
image_41,804.4773960113525,228.32323455810547,883.676290512085,352.70049953460693,1
image_42,-237.93631553649902,217.65442276000977,-169.54928755760193,424.13322949409485,1
image_43,-185.44816732406616,226.99620628356934,-102.17316269874573,365.6912031173706,1
image_45,813.759126663208,227.46864700317383,862.1895217895508,345.6696357727051,0
image_46,844.9871635437012,223.85177040100098,958.1408500671387,420.9076192378998,1
image_47,824.9702453613281,223.4641876220703,926.7917060852051,399.27584314346313,0
image_52,-187.92927503585815,227.51799964904785,-95.31020522117615,375.0593509674072,1
image_53,-272.4267554283142,223.8524570465088,-163.7584090232849,410.3942289352417,1
image_54,-192.1303653717041,223.84247207641602,-96.83774471282959,391.7009630203247,1
image_55,-212.53508806228638,223.93617057800293,-134.8171591758728,380.83383226394653,0
image_56,-199.9834442138672,225.99009895324707,-112.92717933654785,373.11271810531616,0
image_57,812.0327281951904,220.9802761077881,925.3971290588379,419.4025602340698,1
image_58,-306.4489245414734,221.54220962524414,-159.38936948776245,449.3810489177704,1
image_59,819.3152046203613,221.4899387359619,878.0704307556152,391.05816984176636,1
image_60,807.258996963501,227.0856704711914,869.5821189880371,350.3280963897705,0
image_61,824.3944072723389,221.19322204589844,966.2912464141846,443.7999656200409,1
image_62,-261.99201822280884,216.3275089263916,-165.99805355072021,439.772020816803,1
image_63,808.6797523498535,224.17489433288574,928.1015682220459,413.3916654586792,0
image_65,-191.71518087387085,228.09778594970703,-101.5165364742279,365.55961751937866,0
image_66,-202.49251127243042,219.9841823577881,-155.0467014312744,396.28543758392334,0
image_67,840.5161571502686,224.98467826843262,880.0938034057617,356.0771360397339,0
image_68,-147.7303647994995,224.64318656921387,-116.34468913078308,356.3799180984497,1
image_69,833.8525199890137,220.06377601623535,974.6392250061035,457.59963059425354,1
image_71,839.0378093719482,216.6387882232666,952.9830265045166,446.41050958633423,1
image_72,805.4179286956787,227.6847972869873,892.593412399292,365.0167455673218,0
image_74,-192.940092086792,226.9743766784668,-104.54677820205688,366.54846572875977,0
image_75,796.0147476196289,229.52749633789062,874.3556785583496,355.0411310195923,1
image_76,809.6816539764404,227.0318546295166,901.5550804138184,373.3995714187622,1
image_79,-347.5829601287842,221.8880500793457,-209.22794580459595,448.778356552124,1
image_81,841.0382652282715,217.5836124420166,945.0756168365479,432.6009168624878,1
image_84,838.883056640625,225.07531547546387,912.3162746429443,367.8354468345642,0
image_85,834.1761875152588,224.477876663208,899.5343685150146,376.5383496284485,1
image_86,-204.0091609954834,221.55024909973145,-146.64552927017212,389.50872564315796,0
image_87,-257.6904845237732,214.98583221435547,-189.00649309158325,437.9296758174896,1
image_88,830.0049018859863,228.02603149414062,905.9757900238037,354.55591583251953,0
image_89,-205.10058403015137,223.53248023986816,-156.6998326778412,369.3482413291931,0
image_90,817.3545742034912,227.91053199768066,879.9134731292725,354.7395362854004,1
image_91,848.4028816223145,219.95328330993652,989.6212291717529,451.44436502456665,0
image_92,-201.22747421264648,219.59548377990723,-148.43418717384338,397.87138843536377,0
image_93,891.3702392578125,218.61320877075195,948.2797622680664,410.49834156036377,0
image_94,-171.71329379081726,227.0930233001709,-96.86216354370117,354.4255247116089,1
image_95,800.7951736450195,228.94473457336426,870.7960224151611,350.635684967041,0
image_97,-136.97967410087585,224.95598220825195,-103.94346356391907,352.298397064209,1
image_98,-210.50944089889526,224.40861129760742,-115.63159704208374,396.3527431488037,0
image_99,-183.8292932510376,225.14523887634277,-115.65032958984375,362.82458686828613,1
image_100,-253.66890907287598,215.60472869873047,-174.38595414161682,434.19680976867676,1
image_101,-194.96779918670654,225.05274200439453,-119.16980624198914,385.9528102874756,0
image_102,826.4478206634521,225.67387008666992,922.7647876739502,383.902765750885,1
image_103,805.3287506103516,225.29518508911133,889.2548561096191,374.97047328948975,1
image_104,-195.800142288208,226.94050216674805,-87.57884502410889,394.2188992500305,1
image_105,830.334062576294,224.86474418640137,946.5210056304932,412.5771894454956,0
image_106,-286.09649419784546,223.65238571166992,-163.1025767326355,415.22655391693115,1
image_107,797.0186233520508,220.37579917907715,907.4934482574463,418.04693603515625,1
image_108,837.4812698364258,225.4864444732666,925.4880237579346,372.4650683403015,0
image_110,872.4239730834961,218.25360679626465,917.7478981018066,406.81373739242554,0
image_111,833.1102561950684,222.26979637145996,876.4118385314941,375.17875576019287,0
image_112,799.5810127258301,228.1429901123047,857.1382141113281,349.7554340362549,1
image_113,-186.1466360092163,224.55569648742676,-135.7155168056488,366.3509693145752,0
image_115,-279.83561754226685,215.6343116760254,-232.0295763015747,428.35850977897644,0
image_116,832.3806095123291,227.20380210876465,890.3716850280762,355.15302562713623,0
image_117,804.6523189544678,227.89376640319824,889.4717502593994,361.9541063308716,1
image_118,-270.07563829421997,221.34703063964844,-156.16093397140503,433.5977544784546,0
image_119,-178.23749899864197,227.25544357299805,-118.91665935516357,347.2366180419922,0
image_120,-180.7997488975525,229.2584457397461,-102.27447509765625,350.90895557403564,1
image_121,824.108419418335,221.39901542663574,905.5893802642822,398.639036655426,0
image_122,-264.00545597076416,218.43124771118164,-142.77733325958252,436.3929452896118,0
image_123,819.3085956573486,225.5450954437256,858.3799266815186,350.72979831695557,0
image_124,-240.48778295516968,218.73875045776367,-153.52700471878052,413.0217852592468,1
image_125,824.042158126831,223.73069190979004,924.2918014526367,395.0870838165283,0
image_126,-252.88765668869019,220.96783065795898,-114.1784405708313,442.77607345581055,1
image_127,834.1172218322754,222.817138671875,914.3347549438477,383.6462893486023,0
image_128,-251.60255670547485,225.14973068237305,-145.03257751464844,390.60733699798584,0
image_130,843.6890602111816,224.0729274749756,913.7499046325684,374.4581069946289,0
image_132,819.3251609802246,224.4482078552246,858.1046676635742,358.2509412765503,1
image_133,-193.43072175979614,228.6614933013916,-109.37205076217651,360.0552954673767,0
image_134,813.2795906066895,224.41665077209473,919.3812561035156,396.3532009124756,1
image_135,851.0604572296143,224.5610752105713,894.285306930542,364.9518361091614,0
image_136,847.8905582427979,224.62710762023926,928.3951091766357,374.5409908294678,0
image_137,-154.6054244041443,225.31569862365723,-126.38639688491821,349.65258026123047,0
image_140,820.6197452545166,222.49799156188965,854.2416858673096,371.791748046875,1
image_141,-222.05999851226807,225.23132705688477,-108.86687278747559,407.44331979751587,1
image_142,862.538423538208,221.31412887573242,949.4304084777832,411.66382932662964,1
image_143,-185.91901302337646,221.37566947937012,-149.6983766555786,383.99929666519165,0
image_144,849.1354465484619,222.42283248901367,934.5641899108887,403.36529636383057,0
image_145,829.4961833953857,217.95371437072754,948.3794975280762,456.05635368824005,0
image_146,-243.42323541641235,216.05053329467773,-176.71704053878784,433.98716831207275,0
image_147,-203.20578575134277,220.82881355285645,-146.39134168624878,388.5131325721741,1
image_148,-233.46303462982178,216.62986183166504,-180.26139736175537,420.94544196128845,0
image_149,-225.7827115058899,226.34915733337402,-118.18298935890198,391.5756502151489,0
image_150,832.1238040924072,220.44709587097168,965.855827331543,440.7964029312134,1
image_151,-219.24509525299072,226.2771453857422,-138.52274894714355,380.1588382720947,1
image_152,828.3464813232422,228.61617469787598,912.6765060424805,360.47993564605713,0
image_155,849.5429706573486,223.45611953735352,985.8663082122803,438.4861590862274,1
image_157,839.8907947540283,219.57920455932617,986.6532897949219,452.5486787557602,1
image_158,831.4641094207764,225.7416763305664,896.2135791778564,369.16746044158936,1
image_159,847.1197986602783,223.28319931030273,878.4780406951904,366.35827922821045,0
image_160,828.0268478393555,220.78383827209473,895.4268550872803,405.92771434783936,0
image_163,-157.13592767715454,221.21782684326172,-119.70275044441223,382.03114891052246,1
image_164,-177.3041546344757,223.83074188232422,-141.96688771247864,362.85239601135254,1
image_167,801.4121246337891,228.5655632019043,859.0248584747314,345.6211128234863,0
image_168,-261.4687728881836,220.6165542602539,-153.17424058914185,415.778302192688,0
image_169,853.9036846160889,216.7607250213623,950.2397060394287,446.881441116333,0
image_170,-246.88435792922974,224.31353950500488,-117.91860938072205,421.82652258872986,0
image_172,-146.60051107406616,224.74973106384277,-111.47358298301697,355.4359664916992,1
image_173,819.7883033752441,224.78323364257812,852.1650123596191,355.878981590271,1
image_174,818.8341236114502,224.91601371765137,931.1733627319336,405.63722038269043,1
image_175,-342.4085283279419,219.76831817626953,-212.63214111328125,433.3073570728302,0
image_177,-283.5981774330139,222.27177047729492,-155.2391767501831,422.1762504577637,0
image_178,-231.69198274612427,226.69391059875488,-129.6544325351715,394.32575845718384,0
image_179,-159.89397883415222,225.44224166870117,-112.91691184043884,354.68891048431396,1
image_181,814.0602207183838,220.3880443572998,960.089807510376,462.51684391498566,1
image_182,849.6874237060547,222.76998901367188,881.6531753540039,369.8448648452759,0
image_184,829.7060394287109,221.05669403076172,935.8333683013916,429.27448773384094,0
image_186,798.8536834716797,228.7006320953369,872.8407669067383,350.6937780380249,0
image_187,-217.59787559509277,216.608060836792,-153.39625239372253,428.53076124191284,1
image_188,-276.2724208831787,220.18894577026367,-161.6111934185028,422.70354771614075,1
image_191,809.7340106964111,223.92315292358398,887.8189086914062,390.7533564567566,1
image_194,-160.70497155189514,226.54167556762695,-112.82626390457153,346.80988216400146,0
image_195,-348.2358956336975,220.0346508026123,-210.03833770751953,439.91916680336,0
image_197,-278.6728048324585,216.34859466552734,-147.96873807907104,451.0437502861023,1
image_198,853.1414222717285,220.89990997314453,892.2411632537842,390.68296098709106,0
image_199,867.4257946014404,222.38034629821777,993.7814426422119,424.4804503917694,0
image_200,804.3283081054688,228.5783519744873,876.7415142059326,348.80144023895264,1
image_203,815.7215595245361,223.23587799072266,906.2727642059326,402.90620946884155,1
image_204,-204.04495239257812,225.77157402038574,-133.41200351715088,369.8990454673767,0
image_205,862.6560974121094,217.09600830078125,958.6368656158447,445.8309700489044,1
image_207,821.3329982757568,227.79892349243164,912.1356010437012,369.3829097747803,0
image_209,837.9442405700684,216.4465847015381,897.7103805541992,421.1124470233917,1
image_210,-174.56472873687744,226.38981246948242,-111.40966057777405,355.44975662231445,0
image_211,-168.914794921875,225.3168716430664,-121.12456798553467,355.31547451019287,0
image_212,874.9575233459473,223.73787307739258,1007.2537708282471,428.37469959259033,0
image_214,832.4716758728027,224.37213325500488,895.3224849700928,376.2235155105591,1
image_215,-174.73442673683167,229.80490112304688,-93.7049674987793,357.18249225616455,0
image_217,-258.83134603500366,223.0185832977295,-146.9395101070404,406.61545419692993,0
image_218,848.7767601013184,219.19104957580566,930.8064365386963,412.8906717300415,0
image_220,813.1472396850586,225.57668113708496,912.9723644256592,389.2705454826355,1
image_226,-244.41683292388916,216.11719512939453,-196.6761302947998,426.2804093360901,0
image_228,847.9428291320801,219.38482666015625,991.8681907653809,455.71842753887177,0
image_230,827.9555225372314,218.6343231201172,919.2019557952881,433.2163407802582,1
image_235,821.5904903411865,224.5683994293213,852.6821422576904,357.0836868286133,1
image_236,824.8340320587158,227.50561141967773,914.1411209106445,371.54308223724365,1
image_237,811.7385005950928,221.24480628967285,908.855152130127,406.89310216903687,1
image_238,830.7808971405029,218.94165420532227,874.8772716522217,401.99129009246826,1
image_239,820.6478977203369,228.7292423248291,891.1209869384766,353.4361400604248,0
image_242,858.4627532958984,223.93070602416992,941.081485748291,391.8824305534363,0
image_243,-271.4038681983948,219.4418182373047,-165.3176200389862,424.3013503551483,0
image_244,-215.42108058929443,226.25048065185547,-111.10896348953247,398.7033882141113,1
image_245,-251.95117950439453,215.220121383667,-199.67659950256348,432.3420264720917,0
image_246,-213.86269569396973,226.35193252563477,-126.76510334014893,371.7866554260254,0
image_247,841.9961357116699,222.5403347015381,930.9736347198486,394.36170721054077,0
image_249,-174.50053811073303,224.54645538330078,-122.14768052101135,366.1953225135803,0
image_251,-237.95953273773193,220.69952392578125,-164.3121886253357,406.51243591308594,1
image_252,-203.43010425567627,225.09525680541992,-118.46914887428284,374.9356760978699,0
image_254,873.0057334899902,221.3483180999756,941.9662284851074,400.5230417251587,0
image_255,-264.1836190223694,216.7212142944336,-162.58766770362854,450.3540667295456,1
image_258,-182.47934818267822,228.86268043518066,-118.38033556938171,349.9925842285156,0
image_259,-269.621057510376,226.30589866638184,-158.59994173049927,395.9526791572571,0
image_261,850.207986831665,222.10168266296387,898.1183338165283,378.73586559295654,0
image_262,827.7677249908447,227.6298656463623,910.9862422943115,367.78286838531494,0
image_263,831.4257431030273,224.69479942321777,954.0942764282227,421.1658408641815,0
image_264,834.6040534973145,217.87706756591797,970.8501434326172,452.4612226486206,0
image_265,833.4951210021973,223.07614707946777,919.6014976501465,388.68360662460327,0
image_266,-149.8271656036377,225.79715156555176,-108.05023670196533,349.5448055267334,1
image_267,809.0710544586182,227.92083168029785,862.470874786377,346.03295707702637,0
image_268,-133.24448347091675,225.7845630645752,-98.82294416427612,347.5226345062256,1
image_269,860.2064895629883,214.3584098815918,939.814624786377,451.6898765563965,1
image_270,821.8826580047607,221.13007926940918,971.8864631652832,450.34027123451233,0
image_272,-184.89625453948975,225.9694709777832,-105.91730117797852,366.6707673072815,0
image_273,854.7374439239502,221.36785888671875,903.7044525146484,386.8921055793762,1
image_275,-208.18767786026,227.68634223937988,-134.80148434638977,365.2742233276367,0
image_276,-206.65678024291992,226.52159118652344,-115.70212841033936,372.9917540550232,1
image_277,-213.30531120300293,222.22836875915527,-137.01902747154236,392.12548875808716,1
image_280,-201.91276788711548,223.91402626037598,-134.76288199424744,382.4722113609314,1
image_281,-201.81657314300537,225.70096397399902,-135.27569890022278,362.52938652038574,0
image_282,-303.7272334098816,215.7928409576416,-233.75415086746216,437.4174883365631,0
image_288,793.2733154296875,227.17158699035645,883.1503200531006,367.27704668045044,1
image_289,-189.29919719696045,218.18099403381348,-122.73611426353455,413.98464822769165,1
image_290,-201.15222215652466,226.55775451660156,-117.1760880947113,375.4005494117737,0
image_291,-163.95237565040588,222.97217750549316,-126.47862195968628,365.6725420951843,0
image_292,-173.85193705558777,224.9935188293457,-83.8856953382492,381.51699447631836,1
image_294,813.6583614349365,226.5788974761963,852.7740669250488,346.01408863067627,1
image_295,807.1166896820068,224.97835540771484,888.5877799987793,370.71422243118286,1
image_296,818.2934761047363,229.0924777984619,901.9478416442871,356.97136306762695,0
image_298,-230.88948726654053,224.9821891784668,-131.42500162124634,387.1545901298523,0
image_299,821.5746974945068,221.39795684814453,930.3221797943115,408.7688817977905,1
image_301,-150.66667556762695,225.97336196899414,-101.73050165176392,354.4728174209595,1
image_302,822.5984001159668,227.70983123779297,908.2628345489502,364.2914834022522,0
image_304,-264.6753430366516,214.40910720825195,-196.4875602722168,442.7898528575897,1
image_306,826.5773391723633,228.33018684387207,904.7650623321533,353.60529804229736,0
image_307,-181.88477754592896,223.5558261871338,-90.85513114929199,384.2973222732544,1
image_308,-242.20847368240356,215.4889430999756,-157.36588954925537,448.186235666275,0
image_310,815.7709980010986,223.33547019958496,933.8308525085449,419.3322899341583,0
image_311,811.6021156311035,228.13798332214355,867.1271896362305,347.54459285736084,0
image_312,827.4281787872314,219.1085662841797,893.1362915039062,411.74845838546753,0
image_313,806.1468887329102,226.55309104919434,909.920482635498,385.8040084838867,0
image_321,848.3657169342041,224.24696350097656,972.9748821258545,425.7067348957062,0
image_322,829.5267391204834,226.44422912597656,897.0328330993652,353.7743844985962,0
image_323,813.6981868743896,225.93021774291992,913.5894870758057,385.3418960571289,0
image_324,861.9503116607666,223.1569995880127,990.256462097168,418.9273443222046,0
image_326,-231.23690843582153,223.73501205444336,-161.2989091873169,386.0247292518616,1
image_327,853.937931060791,219.60089111328125,923.7181949615479,404.8623194694519,1
image_328,788.6796569824219,223.67816352844238,862.397403717041,378.2358660697937,1
image_329,850.7289791107178,220.3382625579834,1006.466875076294,458.93246853351593,0
image_330,-258.9205241203308,219.95580101013184,-140.34079313278198,429.6420612335205,1
image_331,-291.73973321914673,219.29047012329102,-175.26380896568298,433.1488564014435,1
image_332,-192.58234977722168,222.64699363708496,-154.87355947494507,373.5014524459839,1
image_334,908.7583351135254,217.49148750305176,962.8112411499023,420.58228874206543,0
image_335,-291.0299348831177,223.16638374328613,-167.10572004318237,428.80184674263,0
image_336,-227.75394201278687,216.03393936157227,-164.0542459487915,429.44655680656433,1
image_337,-298.0308222770691,217.85034561157227,-186.06745719909668,438.24139499664307,0
image_338,-204.69539880752563,220.01479530334473,-154.7896707057953,389.78301191329956,1
image_339,-276.4288902282715,217.72614860534668,-155.71015119552612,444.4836392402649,0
image_340,-168.15828323364258,228.65508460998535,-90.15522480010986,352.9546585083008,0
image_344,-210.87396383285522,222.36280822753906,-130.88857054710388,392.83455753326416,1
image_347,-152.31237173080444,226.14716911315918,-102.73290753364563,353.7718095779419,1
image_348,-259.5579242706299,214.76776504516602,-181.17111682891846,446.1009361743927,0
image_349,-300.9033179283142,221.80410766601562,-174.76033687591553,424.8880925178528,1
image_350,807.7588748931885,225.5769100189209,889.4712352752686,384.04170417785645,0
image_351,-225.96233367919922,226.4751853942871,-124.42945718765259,390.0419487953186,0
image_356,-150.34361958503723,224.51501274108887,-111.86651587486267,358.37628269195557,1
image_359,-216.27254247665405,224.20882606506348,-107.12011098861694,402.0653762817383,1
image_365,-225.3084111213684,222.51816177368164,-106.4799964427948,414.65003633499146,1
image_367,-290.3970408439636,217.65885734558105,-189.77343320846558,434.72993993759155,1
image_369,851.4221477508545,218.0618896484375,923.3561611175537,426.8381049633026,1
image_372,-251.56500577926636,217.31058502197266,-191.4533543586731,421.3230254650116,0
image_373,-236.48152828216553,226.05681800842285,-131.6109001636505,388.30718898773193,1
image_376,-274.5368814468384,218.15484428405762,-198.43881368637085,426.5911486148834,0
image_378,852.5156307220459,218.25420761108398,907.0075607299805,413.88640785217285,0
image_379,895.295877456665,214.7242488861084,962.8702068328857,440.8752455711365,1
image_380,865.5826663970947,215.42245292663574,914.4894218444824,428.43490266799927,1
image_382,856.5120792388916,223.4382381439209,888.0698776245117,366.86656856536865,0
image_386,-171.0373342037201,229.13733863830566,-93.77416849136353,348.8810338973999,0
image_388,849.12428855896,222.81024360656738,958.546314239502,416.3255944252014,1
image_389,849.155445098877,220.82503700256348,905.7043933868408,391.1561598777771,0
image_391,850.6946468353271,216.64399528503418,949.6548557281494,450.3122707605362,1
image_392,-342.4423027038574,221.00387954711914,-210.36897897720337,446.6417660713196,1
image_393,795.1408195495605,228.8848533630371,869.591474533081,351.06435203552246,1
image_394,898.1350708007812,215.22218132019043,961.7045402526855,436.2905421257019,0
image_395,-158.58592987060547,226.72744178771973,-97.94185996055603,349.90832710266113,1
image_398,-191.7561435699463,220.39628410339355,-137.01565861701965,393.7779583930969,0
image_401,-160.9389889240265,225.48449897766113,-128.1987226009369,352.52447509765625,0
image_402,819.7005844116211,226.1353530883789,888.1065273284912,371.7349281311035,0
image_403,839.6972465515137,223.86247062683105,873.0316543579102,364.2682375907898,0
image_404,835.5152320861816,224.07558822631836,917.3011493682861,381.3752737045288,0
image_407,831.4605903625488,223.6187686920166,949.1100883483887,416.38401651382446,1
image_408,-199.75987672805786,224.97360610961914,-126.0055661201477,376.98794507980347,1
image_409,849.2758655548096,215.7550754547119,906.31911277771,433.2561089992523,0
image_410,854.4075965881348,217.38213920593262,908.721170425415,416.13748931884766,1
image_411,890.7062530517578,219.06982803344727,936.4007091522217,400.14659547805786,0
image_412,-164.42780256271362,229.25432586669922,-89.53360140323639,351.1539878845215,0
image_413,-179.93995070457458,226.11054801940918,-99.10583138465881,364.279438495636,1
image_414,859.6879863739014,217.17611694335938,968.9391231536865,441.50704884529114,0
image_415,-204.37525033950806,224.0941276550293,-141.05399250984192,382.0067729949951,0
image_416,858.2092952728271,225.01171493530273,970.0039386749268,412.20860385894775,0
image_417,788.428430557251,228.75954055786133,869.8118877410889,356.7085494995117,1
image_418,-191.57871007919312,226.32572555541992,-106.06983304023743,369.4046106338501,0
image_419,-305.57368755340576,221.27996826171875,-156.1808145046234,450.67911648750305,0
image_420,-186.1988639831543,228.06265258789062,-120.36221981048584,356.37255096435547,0
image_421,837.5213527679443,222.12585830688477,885.8235168457031,382.6830759048462,0
image_422,840.1459693908691,222.39041709899902,912.6489543914795,394.6652760505676,1
image_427,835.1924228668213,225.2129020690918,881.0133075714111,357.6563205718994,0
image_428,-179.73565220832825,227.69192123413086,-111.18645787239075,349.812668800354,0
image_429,-246.70784711837769,215.58764839172363,-192.01507329940796,431.048761844635,1
image_431,851.6595554351807,224.4171371459961,972.0415592193604,422.1860280036926,1
image_432,-206.77820920944214,217.9403247833252,-165.00500321388245,409.95733642578125,0
image_434,815.7618141174316,223.0504550933838,934.5990371704102,426.774658203125,1
image_435,-311.8566656112671,219.68812370300293,-208.85456085205078,430.9205629825592,1
image_437,-153.36053609848022,226.58593559265137,-112.26084351539612,349.52995681762695,1
image_438,-277.4981474876404,218.90614891052246,-185.7835078239441,436.8739368915558,0
image_440,-219.1234302520752,226.18873977661133,-106.65960788726807,398.42858695983887,0
image_443,834.4333362579346,222.45513343811035,950.5827713012695,412.3949279785156,0
image_446,845.6649684906006,218.53521728515625,993.553991317749,459.2638500928879,0
image_448,-161.87361001968384,225.91001892089844,-110.28729557991028,361.38882541656494,0
image_449,-155.06650686264038,225.81840896606445,-121.9222891330719,350.3497543334961,1
image_450,862.9238033294678,225.2847137451172,985.3478050231934,415.48220777511597,0
image_451,811.6701793670654,224.22330284118652,848.384599685669,355.490797996521,1
image_452,-204.94840621948242,221.67810821533203,-100.53452610969543,408.3849754333496,1
image_454,822.070369720459,222.92854690551758,859.6085929870605,371.2101092338562,0
image_455,-149.9172556400299,225.8460750579834,-113.54316473007202,348.2960262298584,1
image_456,-224.83406782150269,215.95998191833496,-163.06912422180176,428.43791031837463,1
image_457,829.8594188690186,224.56639671325684,865.700855255127,361.06412076950073,0
image_458,-199.29128408432007,227.35400581359863,-109.56408619880676,373.20485734939575,0
image_459,819.5420551300049,229.25203704833984,905.3402996063232,363.5035934448242,0
image_460,-207.92263269424438,218.93372917175293,-145.61375856399536,412.18313360214233,1
image_461,-197.9842972755432,224.92299461364746,-138.5591733455658,370.67413234710693,0
image_464,868.8806247711182,213.39770698547363,949.5092868804932,454.47177970409393,0
image_465,816.2844371795654,226.20776557922363,863.3539867401123,349.6733512878418,0
image_466,816.5967750549316,224.4767608642578,848.0690860748291,356.7363872528076,0
image_467,-149.1427516937256,224.2277946472168,-116.29159212112427,358.2557191848755,1
image_469,-206.18494749069214,219.15531539916992,-154.34439182281494,404.2410054206848,0
image_470,855.2065944671631,222.39247703552246,923.7666893005371,391.0753073692322,1
image_471,-201.1519432067871,227.97865295410156,-127.80792474746704,362.54153871536255,0
image_472,827.9510593414307,226.55483627319336,920.169267654419,374.86694717407227,0
image_474,-178.85004043579102,227.48206520080566,-102.4385941028595,365.365110874176,1
image_475,894.5444297790527,219.6388282775879,968.6510753631592,407.9706563949585,0
image_477,930.1696586608887,215.02251052856445,983.7772750854492,436.7565813064575,0
image_480,-180.5409049987793,224.16430854797363,-126.27087950706482,369.8886456489563,0
image_481,-200.3232479095459,216.7431583404541,-148.680499792099,417.4193277359009,1
image_482,838.016767501831,224.59094429016113,948.6387062072754,404.8790636062622,0
image_483,-155.7993507385254,227.34622383117676,-91.84320330619812,359.19073724746704,1
image_485,-257.42631912231445,225.70808792114258,-144.03874397277832,402.2621717453003,0
image_486,-192.81456470489502,225.41549110412598,-127.75065422058105,371.5712776184082,0
image_487,823.1993007659912,227.36942672729492,913.040943145752,374.7262706756592,1
image_489,844.5420455932617,224.1329803466797,885.5404472351074,361.44844913482666,0
image_490,-184.88636255264282,220.44615173339844,-147.81800866127014,389.72431802749634,0
image_491,815.3362655639648,227.1991958618164,889.29030418396,363.93507146835327,0
image_494,-272.6038885116577,216.32633590698242,-196.4681625366211,425.52647972106934,1
image_495,-148.1857395172119,224.84649085998535,-108.62671852111816,356.1849822998047,1
image_497,791.9417381286621,226.99220085144043,850.3049755096436,349.1734447479248,1
image_498,-245.07936000823975,222.28450202941895,-119.71028208732605,430.9257950782776,1
image_500,847.210865020752,225.82498931884766,932.9390716552734,388.8497462272644,1
image_501,852.2255229949951,222.8167381286621,968.3165073394775,430.0922431945801,1
image_502,-152.37635850906372,225.70187950134277,-114.18806433677673,349.2865409851074,0
image_503,-259.4420528411865,220.65952682495117,-132.81922459602356,429.8149743080139,0
image_505,-210.8564329147339,221.44696617126465,-136.36555552482605,393.64067935943604,1
image_506,-213.1899333000183,220.42226219177246,-160.79177856445312,394.17915964126587,1
image_507,-138.69989275932312,224.9015941619873,-110.27698516845703,353.4111633300781,1
image_508,831.549768447876,221.15731620788574,978.0128860473633,449.37686467170715,0
image_511,-167.5059700012207,222.19875717163086,-131.25332951545715,376.7107048034668,1
image_512,-240.2087903022766,220.09850883483887,-109.00773167610168,437.8273012638092,1
image_513,812.1982097625732,225.71558380126953,903.984260559082,378.53929901123047,0
image_514,-309.10366773605347,218.74802017211914,-206.25768899917603,447.2578730583191,1
image_515,818.558349609375,225.11236572265625,847.4319648742676,352.2191038131714,1
image_516,-290.06601333618164,219.8596706390381,-172.20890164375305,446.87761092185974,1
image_517,831.0842227935791,226.9253387451172,907.9662895202637,372.2723355293274,0
image_519,-277.77008056640625,220.99749946594238,-169.15244936943054,433.4775986671448,1
image_521,-188.40473413467407,225.20655059814453,-117.87700295448303,366.8074312210083,1
image_522,-175.62247395515442,228.91460800170898,-100.9923791885376,354.1384210586548,1
image_524,808.8937282562256,225.03265762329102,884.9156856536865,382.53764295578003,1
image_525,821.8957901000977,221.6445198059082,942.3415660858154,423.0902256965637,0
image_526,850.2496147155762,217.3517837524414,934.8270034790039,434.7252371311188,0
image_529,-162.82243609428406,227.41609001159668,-98.25855374336243,358.9059867858887,0
image_530,-275.75698614120483,222.61855506896973,-168.07672262191772,402.0909824371338,0
image_532,-211.36609554290771,224.49160957336426,-116.09707832336426,401.56298780441284,0
image_533,-205.6749415397644,227.4980297088623,-122.79185056686401,369.9636688232422,1
image_534,-164.93972897529602,227.49336624145508,-98.21916818618774,363.5737099647522,0
image_535,-240.09461402893066,222.87453079223633,-140.18299341201782,409.0231194496155,1
image_537,839.8019599914551,223.73332405090332,871.9569683074951,364.4186201095581,1
image_539,799.1773509979248,227.5130500793457,862.6931762695312,358.3763542175293,1
image_540,879.906005859375,217.0588150024414,931.159029006958,421.4964463710785,1
image_541,869.368143081665,221.36831665039062,988.3247566223145,416.2268319129944,0
image_542,856.2442016601562,220.15281105041504,922.8596305847168,406.0365333557129,0
image_543,-206.89601182937622,223.1698455810547,-107.06376314163208,396.30974197387695,1
image_544,-128.53023290634155,225.69209480285645,-101.47363185882568,346.5258541107178,1
image_545,853.992862701416,223.00339126586914,930.4588222503662,394.7718348503113,1
image_547,820.1593494415283,220.97924613952637,936.4413928985596,434.28624534606934,1
image_548,843.6227989196777,223.45683479309082,967.4629211425781,417.80884170532227,0
image_549,-132.63978481292725,224.7602310180664,-101.87290549278259,351.52152919769287,1
image_550,-154.75887894630432,225.31083488464355,-122.14278817176819,350.4000082015991,0
image_551,-151.10032439231873,224.9082317352295,-110.68013191223145,358.18562412261963,0
image_553,-308.36219787597656,214.60028076171875,-252.86585569381714,445.9204020500183,0
image_555,816.678056716919,223.19937133789062,908.4372425079346,389.8054995536804,0
image_556,-205.5074644088745,228.28083419799805,-114.430171251297,368.2857575416565,1
image_557,826.4196681976318,218.71546173095703,907.4117374420166,423.0631639957428,0
image_558,814.7919273376465,223.99324798583984,884.1866397857666,381.8205633163452,0
image_559,835.0260829925537,222.3850383758545,891.425256729126,380.4077615737915,0
image_562,-202.77474403381348,223.64320182800293,-155.27665257453918,369.2584910392761,0
image_563,-222.67081260681152,216.0016384124756,-154.99401211738586,434.4937410354614,1
image_564,-247.3884630203247,218.30381774902344,-154.09022569656372,426.80165910720825,1
image_565,-156.52315020561218,226.68109321594238,-104.01391983032227,347.76798152923584,0
image_568,-295.17165184020996,222.84892463684082,-156.1268699169159,434.71884989738464,0
image_570,-237.61172533035278,215.94939613342285,-173.02266240119934,438.25052881240845,1
image_571,-245.76581239700317,219.40828704833984,-182.87230253219604,404.42028427124023,0
image_572,-245.97747087478638,223.07912254333496,-133.901549577713,408.09521102905273,0
image_573,834.1653728485107,227.0959129333496,922.0384883880615,380.034140586853,1
image_574,-260.5950593948364,222.72492790222168,-114.60067391395569,448.7776198387146,1
image_575,-172.07656145095825,224.04511833190918,-130.221848487854,363.0053606033325,1
image_577,835.255765914917,224.34689903259277,882.037181854248,365.49784803390503,0
image_578,814.0167903900146,228.5666790008545,891.2635517120361,359.7252335548401,1
image_579,861.5564346313477,222.11092376708984,990.6097412109375,433.84591603279114,1
image_581,-183.31774234771729,217.31762313842773,-133.56019020080566,415.59984588623047,1
image_582,816.2034130096436,228.08977508544922,901.0292816162109,364.72641611099243,0
image_583,-247.79285430908203,222.08929443359375,-138.47435116767883,406.0554804801941,1
image_584,-278.777174949646,214.8769702911377,-186.12303256988525,457.236021399498,0
image_585,-223.1270670890808,225.13322257995605,-115.32360434532166,399.67360401153564,1
image_586,833.8465118408203,215.33667945861816,885.4591655731201,430.02684020996094,1
image_587,820.3717803955078,227.29641342163086,895.6791114807129,368.0171432495117,0
image_588,859.5621585845947,214.58737754821777,918.6908340454102,439.97641229629517,1
image_590,-288.47728729248047,222.61434936523438,-149.25281882286072,435.3954532146454,1
image_591,831.7767906188965,223.41786766052246,964.2545700073242,427.51763010025024,1
image_592,-346.95714712142944,219.38162231445312,-203.56526613235474,446.5168216228485,0
image_593,-305.6418800354004,217.3865737915039,-200.95539093017578,438.14146304130554,0
image_594,-229.24608707427979,221.84296035766602,-144.17338013648987,391.554292678833,0
image_596,-166.87125205993652,223.89468574523926,-128.5492765903473,358.16908740997314,1
image_597,-157.42002725601196,225.61556243896484,-112.2888457775116,360.2266778945923,0
image_598,835.2719020843506,223.41532135009766,870.8341312408447,365.883864402771,0
image_599,-232.1688151359558,225.29990577697754,-124.60951924324036,394.6836724281311,0
image_600,870.9654521942139,216.15458869934082,926.1059188842773,427.2634711265564,1
image_601,801.4013957977295,227.35463523864746,870.019941329956,361.189998626709,0
image_602,-162.1121120452881,225.05586051940918,-129.25387144088745,355.3134431838989,1
image_604,813.0737686157227,227.77068519592285,909.9001407623291,375.78905487060547,0
image_606,883.2357215881348,220.30109786987305,925.9722805023193,394.2065181732178,0
image_608,-329.38084602355957,222.3791732788086,-205.23192644119263,438.4533181190491,1
image_609,831.516637802124,226.65817642211914,908.9943695068359,373.62544202804565,0
image_610,-226.393461227417,223.29238319396973,-132.8521728515625,410.12738132476807,0
image_611,857.9009914398193,223.3599033355713,961.7456531524658,394.8585810661316,0
image_613,792.3587894439697,216.40936279296875,928.714485168457,453.3137288093567,1
image_614,783.554277420044,227.21762084960938,882.312183380127,380.08794927597046,1
image_615,849.1696929931641,213.48473930358887,925.5581474304199,455.6730946302414,1
image_616,-208.7034773826599,224.4017162322998,-144.4136095046997,378.7344923019409,0
image_617,842.944221496582,217.99754524230957,918.145809173584,417.90618085861206,0
image_618,-215.2195930480957,227.09210777282715,-123.19649934768677,377.3733105659485,1
image_619,-139.61514830589294,225.8112850189209,-105.0702702999115,347.38390350341797,0
image_620,-215.11178970336914,223.39380645751953,-92.23974108695984,412.1718039512634,1
image_622,814.7031784057617,228.31201934814453,909.3903923034668,373.5400619506836,1
image_623,-262.68407106399536,216.94371604919434,-149.25086617469788,443.4061493873596,0
image_624,-242.8485131263733,224.12210845947266,-133.28696966171265,399.8864998817444,1
image_626,-150.20236372947693,224.10594367980957,-116.55662655830383,360.11462593078613,0
image_627,849.3121719360352,222.39038848876953,920.9323883056641,386.0292139053345,0
image_628,864.3835258483887,223.01246070861816,937.831506729126,382.5876750946045,0
image_629,822.2737884521484,225.11794471740723,911.8945026397705,395.7677140235901,1
image_634,-258.5486841201782,223.12796020507812,-155.513277053833,410.4743947982788,1
image_636,865.528678894043,214.85156440734863,915.7023811340332,435.0438549518585,1
image_637,-226.58879041671753,220.2909698486328,-157.14515447616577,411.0488452911377,1
image_638,869.4731140136719,218.3639850616455,954.2446517944336,434.41703701019287,1
image_639,802.2222805023193,228.01189804077148,887.6353168487549,361.5105619430542,0
image_640,825.9775543212891,224.7917022705078,936.8462562561035,399.8365035057068,1
image_641,854.6581363677979,220.9589900970459,994.8300361633301,447.0329358577728,1
image_642,890.6801605224609,215.1709690093994,944.3297481536865,433.7203743457794,1
image_643,834.9408531188965,216.0950222015381,936.6943359375,455.8438905477524,1
image_644,855.2913093566895,213.29759979248047,917.3717880249023,448.5672595500946,1
image_645,-252.23156690597534,225.08781814575195,-133.32390904426575,408.125452041626,1
image_646,-212.06331968307495,217.02001953125,-162.3457646369934,424.2526342868805,1
image_647,-240.58419227600098,218.83585357666016,-176.54567956924438,408.5242142677307,0
image_648,830.5211734771729,228.31962966918945,918.8097953796387,365.58233404159546,0
image_649,874.8021697998047,221.95428276062012,972.6154232025146,400.68344497680664,0
image_650,-173.2244074344635,225.60846710205078,-125.05457282066345,357.40848445892334,0
image_651,-203.24726343154907,223.547700881958,-144.63287472724915,378.4208240509033,1
image_652,-166.96629881858826,224.20264625549316,-98.76749753952026,372.77468824386597,1
image_653,821.5662002563477,222.2450771331787,878.1313705444336,385.0320258140564,0
image_654,-206.67353868484497,228.78557586669922,-117.98713445663452,366.46710538864136,1
image_655,802.4439811706543,225.7899990081787,915.03830909729,400.91216230392456,0
image_656,823.0090141296387,226.9966926574707,916.0723114013672,373.6355628967285,1
image_657,-299.6357488632202,219.72643280029297,-201.45632028579712,419.7416236400604,0
image_658,825.6653022766113,220.8882656097412,946.144208908081,423.26281690597534,1
image_659,846.6158866882324,221.81492233276367,881.7117118835449,387.89989376068115,1
image_660,-246.57920837402344,222.54883193969727,-165.9339165687561,400.14919900894165,1
image_661,-200.04642248153687,221.43967056274414,-162.20476627349854,381.3426151275635,1
image_663,-182.80966758728027,222.25237274169922,-148.74907851219177,377.0554437637329,1
image_664,852.7197360992432,224.61351776123047,929.3174457550049,384.3459596633911,0
image_665,-161.0467493534088,227.09825897216797,-92.05816626548767,350.2791872024536,1
image_666,852.2403717041016,224.47369956970215,954.2891120910645,401.3171901702881,1
image_667,-192.74778842926025,223.20103073120117,-159.94628190994263,367.4769320487976,0
image_669,-180.26515245437622,227.72851371765137,-90.76807737350464,372.3046865463257,0
image_670,859.3629455566406,224.0761318206787,930.011043548584,385.4722156524658,0
image_671,-304.2161464691162,221.0893383026123,-191.09213590621948,420.18378043174744,0
image_672,821.7000102996826,228.48368072509766,912.6135063171387,373.1947865486145,1
image_673,825.5389595031738,225.38201713562012,883.324728012085,360.07120275497437,0
image_674,794.6622276306152,226.48943328857422,840.6514263153076,346.0844268798828,1
image_675,795.4966735839844,227.35037231445312,890.0162601470947,376.6861357688904,0
image_676,-192.16506242752075,226.75196075439453,-108.24631690979004,380.65857315063477,0
image_677,-148.21417093276978,229.1712417602539,-90.94604730606079,345.6696071624756,0
image_678,828.6892032623291,214.22265434265137,903.4906482696533,447.589791059494,1
image_679,-316.96189641952515,222.3545684814453,-169.9628734588623,447.4857177734375,0
image_680,-237.66000509262085,220.50325775146484,-106.18726015090942,434.32976508140564,1
image_681,824.3772411346436,224.54943084716797,931.3157558441162,401.9929995536804,1
image_682,790.4540348052979,229.3254508972168,870.1014804840088,350.7161798477173,0
image_684,-196.47284030914307,222.94625663757324,-133.82046103477478,384.60420989990234,1
image_685,-260.7624077796936,218.003324508667,-192.78634786605835,419.40165185928345,0
image_686,843.8119697570801,225.1752223968506,959.3460845947266,404.64382314682007,0
image_687,-205.8841323852539,225.46244049072266,-126.39257669448853,371.0668435096741,0
image_689,-220.00443935394287,215.36128425598145,-174.71776485443115,426.15499997138977,1
image_690,-207.81633138656616,217.96856307983398,-156.72740578651428,411.06520318984985,1
image_693,787.5060939788818,227.5958194732666,888.971529006958,382.67812633514404,1
image_695,-162.99465537071228,229.67852973937988,-90.10778188705444,353.3187093734741,0
image_696,-186.66629791259766,226.8732967376709,-99.95769023895264,370.024272441864,1
image_699,794.8532867431641,223.72711563110352,866.5522956848145,376.94389963150024,1
image_700,-299.6578073501587,222.11464309692383,-159.0130341053009,436.4559235572815,1
image_701,-244.31920051574707,219.08459091186523,-165.71958661079407,419.1244044303894,1
image_702,-156.74209356307983,225.05474472045898,-121.59469485282898,352.9444589614868,1
image_703,-229.13886308670044,219.89609146118164,-146.01012468338013,410.8716764450073,1
image_704,-200.73877573013306,228.35070037841797,-119.307199716568,356.6357078552246,0
image_705,822.6402854919434,219.76534271240234,867.5958251953125,394.6191349029541,1
image_706,-193.22290420532227,224.46777725219727,-149.00508999824524,366.52111434936523,0
image_708,802.1878623962402,226.35888481140137,857.0740127563477,352.096022605896,1
image_709,-181.80572748184204,222.8523292541504,-145.11308670043945,371.2914481163025,0
image_710,828.1464099884033,224.34915924072266,906.9075679779053,376.7376914024353,0
image_712,-239.5159649848938,223.12209510803223,-122.75014758110046,407.4966278076172,0
image_714,-225.92506170272827,226.65634536743164,-122.96414494514465,388.4002652168274,1
image_715,853.0101871490479,217.4011936187744,920.8452701568604,425.5145993232727,0
image_716,844.5909690856934,217.1269645690918,943.2564353942871,436.28373646736145,0
image_717,-225.5746579170227,212.7588405609131,-169.75046396255493,452.4235179424286,1
image_719,870.7097625732422,221.25685119628906,929.192304611206,392.7762713432312,1
image_720,-308.9000129699707,217.57108116149902,-177.229825258255,444.7155430316925,0
image_721,-176.70846819877625,229.76101303100586,-95.86828708648682,357.10415744781494,0
image_722,853.5243988037109,223.61007118225098,966.2709903717041,413.29028511047363,1
image_723,796.452226638794,224.9297752380371,905.3184127807617,404.2036762237549,1
image_724,-231.45081996917725,217.36116790771484,-186.21418476104736,413.56565856933594,1
image_725,878.6703014373779,218.45942878723145,922.4988842010498,404.7875323295593,1
image_727,-182.01614141464233,228.7398567199707,-110.20892143249512,355.56365394592285,0
image_729,-165.96935391426086,226.86002159118652,-118.51611971855164,348.8201656341553,0
image_730,-185.66694974899292,227.18989753723145,-86.24260067939758,380.9214940071106,1
image_731,-232.81861782073975,222.3586883544922,-118.66584062576294,414.4701638221741,1
image_732,829.5270824432373,222.1202220916748,916.1858654022217,403.468150138855,1
image_735,-201.88719034194946,228.41664695739746,-116.58331990242004,370.7978286743164,1
image_736,794.9663257598877,227.88166427612305,867.575740814209,359.036256313324,0
image_737,-181.13476753234863,226.85655975341797,-114.66703176498413,350.6331386566162,0
image_738,782.5636196136475,224.96613883972168,870.1558113098145,380.86869382858276,1
image_739,-228.73820543289185,217.3474349975586,-112.65994548797607,444.56443452835083,1
image_740,797.2663307189941,227.094482421875,862.1615409851074,360.35939359664917,1
image_741,-192.77707815170288,223.65996742248535,-129.8606514930725,372.98322105407715,0
image_742,849.2000770568848,224.05962371826172,898.2996940612793,366.18974351882935,0
image_743,803.2737064361572,228.9610996246338,876.7807388305664,346.8849124908447,0
image_745,-298.5840654373169,223.8421859741211,-177.14086174964905,414.3892183303833,0
image_746,822.6211452484131,225.84069633483887,917.3210620880127,387.387713432312,0
image_747,-190.14439344406128,223.84825134277344,-138.27244520187378,371.76105642318726,0
image_748,-229.11262035369873,219.70074081420898,-187.5727343559265,400.3512659072876,1
image_750,878.0820178985596,216.4285888671875,966.6992855072021,436.2654616832733,0
image_751,848.4688854217529,218.99999046325684,962.1299171447754,428.5131516456604,1
image_753,843.1760501861572,214.25675773620605,958.5385894775391,454.73332726955414,0
image_754,-280.2842116355896,219.175199508667,-152.52266764640808,434.1781702041626,0
image_755,815.7575225830078,221.0523166656494,858.780927658081,385.8972706794739,1
image_758,830.7867336273193,223.69367027282715,939.451732635498,400.42590284347534,0
image_760,874.9207019805908,220.97169303894043,915.4928684234619,385.608829498291,0
image_761,-266.0462737083435,222.37090492248535,-160.44337034225464,426.3998498916626,0
image_763,-275.0760269165039,221.79057502746582,-176.4500641822815,418.38319206237793,1
image_764,812.1593284606934,227.8404083251953,869.827938079834,351.5929546356201,1
image_765,847.5789928436279,218.4954776763916,893.6448383331299,405.80914640426636,1
image_767,822.1302795410156,224.4002285003662,936.2536811828613,405.77377700805664,0
image_769,834.1662311553955,226.36369132995605,936.5800094604492,388.3913745880127,0
image_770,837.7972984313965,225.10103607177734,879.2397880554199,358.0465211868286,0
image_771,844.8682880401611,222.5648536682129,888.6670017242432,373.68488693237305,1
image_773,-216.51679515838623,225.76676750183105,-111.77343249320984,402.2927417755127,0
image_774,-192.2069263458252,226.21094131469727,-129.2421019077301,356.6479244232178,0
image_775,-267.7248215675354,215.1497974395752,-167.13296055793762,453.2472440004349,0
image_776,821.5204524993896,224.2596950531006,881.7519664764404,375.0474491119385,1
image_777,-179.8155176639557,223.26302909851074,-147.21774101257324,366.053759098053,0
image_778,821.9353580474854,227.58245849609375,917.7366542816162,378.80276346206665,1
image_779,-189.6277356147766,224.52207946777344,-129.17345881462097,363.5498561859131,0
image_780,-219.23400163650513,223.96014595031738,-97.1507477760315,414.6298017501831,1
image_781,838.0699825286865,225.6270351409912,910.4156398773193,373.9631929397583,0
image_782,844.390811920166,225.19670867919922,927.4283123016357,390.9054055213928,0
image_783,-181.28904819488525,223.30431365966797,-146.86720848083496,369.4392147064209,1
image_784,906.6362571716309,218.38366889953613,1009.883451461792,443.6900165081024,0
image_785,-181.25619649887085,227.6445713043213,-106.38780355453491,355.7835807800293,0
image_786,-273.97529125213623,215.58138275146484,-224.21005725860596,430.79749965667725,1
image_787,867.581148147583,221.14160919189453,955.673303604126,413.55533742904663,1
image_788,-203.76638889312744,226.84860610961914,-120.22225141525269,364.9566140174866,0
image_791,791.4865779876709,226.11017608642578,890.149040222168,379.2907967567444,1
image_793,-226.94666147232056,219.81483840942383,-165.50189852714539,405.20853900909424,0
image_794,847.5380516052246,220.16883277893066,963.4305095672607,439.84343910217285,0
image_795,-227.80033349990845,223.25853729248047,-107.16459274291992,414.2782964706421,1
image_796,-178.75499367713928,223.2745304107666,-86.86978161334991,386.42531538009644,1
image_797,-286.8480062484741,222.5102653503418,-182.5849199295044,406.17017889022827,0
image_798,-183.94265413284302,225.87336921691895,-98.08231115341187,373.07121896743774,1
image_800,-273.9276337623596,214.22128105163574,-223.3743667602539,440.3649892807007,1
image_801,-247.78096675872803,224.76532363891602,-150.0792396068573,400.56394720077515,0
image_802,866.3172054290771,216.96448707580566,958.051586151123,429.5058479309082,0
image_803,833.9891624450684,225.18074417114258,872.4447441101074,356.2354221343994,0
image_804,815.172929763794,226.96979904174805,922.7464199066162,393.8174476623535,1
image_805,795.9198188781738,228.4149875640869,854.5196914672852,347.5451936721802,1
image_807,850.0188159942627,222.94479751586914,949.423885345459,410.54030561447144,0
image_808,817.7402973175049,219.50536155700684,914.970588684082,416.41419315338135,1
image_809,813.8481330871582,226.6707363128662,876.1110019683838,352.6022090911865,1
image_811,802.099027633667,227.69747161865234,881.872730255127,366.5646662712097,1
image_812,-186.82197332382202,229.84518432617188,-114.91720676422119,351.46726989746094,1
image_813,932.9444789886475,214.01872062683105,984.4411754608154,440.1260437965393,0
image_814,-186.17839336395264,227.6665153503418,-100.4696273803711,375.9447374343872,0
image_815,-286.48558616638184,214.07911682128906,-199.18612003326416,451.55040168762207,0
image_816,-175.79057335853577,221.74279594421387,-131.67308449745178,381.5834918022156,1
image_817,-151.38256788253784,226.89870262145996,-101.640465259552,346.99328804016113,0
image_819,851.9300079345703,224.8847999572754,947.7581691741943,401.53307580947876,0
image_821,-249.45627450942993,214.53739547729492,-197.1751070022583,439.3641641139984,0
image_823,-188.7184238433838,223.69412803649902,-140.3619933128357,368.2761731147766,1
image_824,810.4698371887207,224.57855606079102,917.1927452087402,401.66432523727417,1
image_826,-239.1665267944336,224.39579391479492,-123.1656539440155,414.02302169799805,0
image_827,-248.72918128967285,225.90707206726074,-140.5122184753418,400.7431974411011,0
image_828,815.4160022735596,227.5647201538086,901.5484714508057,365.3060522079468,0
image_829,-222.57732152938843,222.78363609313965,-119.9172306060791,402.72050762176514,0
image_830,-166.05998039245605,229.5312442779541,-87.55299925804138,353.22948837280273,0
image_831,801.5092849731445,227.16720962524414,902.2991466522217,382.9634346961975,1
image_833,818.6938762664795,224.83212852478027,930.8353614807129,398.7333574295044,0
image_834,-197.34902143478394,219.9046173095703,-159.607754945755,393.5526313781738,1
image_835,-227.2303318977356,223.22414779663086,-139.9325931072235,397.03805112838745,0
image_836,863.4064292907715,216.9178810119629,908.4210205078125,416.70764112472534,1
image_837,839.1081047058105,218.44294929504395,890.1730728149414,405.82018995285034,0
image_839,836.9168472290039,224.73250770568848,932.8553867340088,403.20395612716675,1
image_841,856.4231586456299,220.91513061523438,898.6641311645508,387.7732148170471,1
image_842,-201.7361068725586,221.52198219299316,-135.38545489311218,394.5620789527893,1
image_843,818.2485008239746,226.53320693969727,864.2467975616455,347.0723524093628,1
image_844,-177.20782041549683,222.13203811645508,-119.58149313926697,386.9897952079773,1
image_845,803.2283878326416,228.11738395690918,891.6091918945312,366.3153281211853,0
image_846,-187.2065806388855,229.66502571105957,-112.27176547050476,352.2165288925171,1
image_847,-242.45285511016846,223.88052368164062,-124.74055051803589,419.2080714702606,0
image_848,920.6489753723145,215.0252571105957,967.912073135376,428.26857709884644,0
image_849,838.6423873901367,218.5815372467041,903.8044452667236,415.44888401031494,1
image_850,803.6537647247314,229.1789093017578,887.9612159729004,358.11142349243164,0
image_851,-170.04306077957153,223.53116416931152,-116.7638111114502,371.63697385787964,1
image_852,-265.1301383972168,220.11355781555176,-168.6533224582672,433.2263185977936,1
image_853,807.2541904449463,225.7772102355957,873.3695697784424,362.1033229827881,1
image_854,-193.68276357650757,227.80613327026367,-114.43884015083313,370.2929940223694,0
image_855,-283.31090211868286,216.8735637664795,-218.53418111801147,424.028258562088,0
image_856,883.3617210388184,219.17245292663574,994.3581390380859,445.23013734817505,0
image_857,-201.99186086654663,222.46088409423828,-128.38252902030945,388.13898944854736,1
image_858,826.0175514221191,223.58203315734863,868.1328678131104,366.5971817970276,1
image_859,-284.72062826156616,224.8664035797119,-167.7701997756958,411.1233606338501,1
image_864,-227.75870561599731,219.9939670562744,-170.889630317688,397.99527072906494,0
image_867,-187.8655457496643,224.29500007629395,-145.50297260284424,363.4565725326538,0
image_868,859.7767353057861,214.63578605651855,936.1732578277588,447.470675945282,0
image_869,819.2362403869629,226.28941917419434,921.8621063232422,387.2244062423706,1
image_870,-161.81161880493164,229.5652618408203,-82.8440648317337,355.23266220092773,0
image_872,802.1662330627441,229.5056667327881,879.4029521942139,348.60453033447266,1
image_873,-216.378436088562,226.04062461853027,-134.51303958892822,384.8959770202637,1
image_876,-253.37429523468018,219.98546981811523,-178.80745768547058,417.29561710357666,1
image_877,831.3943290710449,226.63065338134766,911.7485046386719,373.42366123199463,0
image_878,-178.6244022846222,221.69664764404297,-141.94855213165283,380.69065952301025,1
image_879,-162.92566895484924,222.8698387145996,-129.53428030014038,369.3410816192627,1
image_880,-198.3583688735962,220.10949516296387,-146.71194076538086,396.99248933792114,0
image_881,-191.40988111495972,227.68648529052734,-123.63138198852539,351.57946491241455,0
image_882,-253.51640939712524,224.73064804077148,-152.75453925132751,391.06916332244873,0
image_884,-270.0779986381531,224.8012294769287,-160.23110032081604,397.8660526275635,0
image_885,-182.40873098373413,226.9904556274414,-94.81438279151917,367.84421586990356,1
image_886,823.6160087585449,221.11405754089355,913.6078548431396,415.20031118392944,1
image_887,818.5224723815918,226.58788108825684,873.9763069152832,356.9759693145752,0
image_888,-201.9172739982605,215.04385375976562,-129.91292238235474,434.5657207965851,1
image_889,821.3026142120361,226.89438247680664,892.565860748291,369.9532117843628,0
image_890,-139.07076716423035,225.9248104095459,-106.68153762817383,346.28564262390137,0
image_891,-202.9856300354004,223.24806594848633,-140.7308828830719,373.4778060913086,1
image_892,807.5293636322021,224.37479400634766,928.013505935669,409.3304362297058,0
image_893,811.5085601806641,230.30549430847168,882.9006385803223,347.9614152908325,0
image_894,846.9356060028076,223.57416534423828,937.8301334381104,400.8570375442505,0
image_895,836.4026355743408,223.70391273498535,915.9572124481201,382.5100555419922,1
image_896,817.5321578979492,228.1722297668457,896.7810916900635,361.6398801803589,1
image_897,795.9800720214844,228.2630100250244,855.3509616851807,349.75589179992676,1
image_899,-213.95451307296753,225.40456199645996,-122.54703998565674,380.52899742126465,0
image_900,831.5802383422852,224.89166641235352,860.9312438964844,352.19560050964355,1
image_901,889.7594547271729,219.36797523498535,1017.2014617919922,439.1139783859253,0
image_903,814.8085784912109,225.70119285583496,841.6283512115479,346.35663890838623,1
image_904,889.0801906585693,220.06955528259277,1031.8553352355957,442.98940205574036,0
image_905,847.1259784698486,224.3325366973877,938.0590438842773,385.3083291053772,0
image_906,-172.48497605323792,228.8021697998047,-98.65917921066284,348.93128776550293,1
image_907,-181.12399578094482,229.42518615722656,-107.03550338745117,351.36963748931885,1
image_908,896.2996673583984,219.42110443115234,1018.0058670043945,434.81772327423096,0
image_910,827.7187156677246,222.28424453735352,936.7634296417236,428.56379532814026,0
image_911,-217.78013706207275,225.4927101135254,-141.93472266197205,375.1743998527527,1
image_912,-209.49262619018555,225.70207977294922,-127.75497794151306,370.19247913360596,0
image_913,-219.3012499809265,221.63885498046875,-156.90366983413696,394.13240337371826,1
image_914,811.8414115905762,227.49665641784668,908.007230758667,380.4862322807312,0
image_915,915.7820320129395,213.04239654541016,975.3249263763428,446.83886551856995,1
image_916,810.644416809082,222.81041526794434,894.3193817138672,403.94394540786743,1
image_917,870.9853649139404,223.43629264831543,990.3334522247314,411.08229780197144,0
image_918,844.7668361663818,219.7324981689453,938.1975746154785,417.91345500946045,0
image_920,822.8506565093994,223.13740158081055,917.9128646850586,393.9412941932678,0
image_921,-264.27687406539917,223.36945915222168,-134.1418218612671,428.105988740921,0
image_922,-281.7004609107971,222.6878204345703,-177.58827567100525,414.3270125389099,0
image_923,884.4019031524658,217.76334190368652,938.688268661499,414.56225299835205,1
image_924,835.107364654541,217.50072860717773,902.1330642700195,418.6458125114441,1
image_927,-238.57131242752075,220.91201210021973,-159.2859971523285,409.3027844429016,1
image_928,853.0393695831299,219.83930015563965,986.6283130645752,442.9574980735779,1
image_929,824.622631072998,222.26410293579102,973.5254859924316,449.85088431835175,1
image_930,-212.46962070465088,217.2071590423584,-148.36897730827332,424.16239762306213,0
image_932,844.5858192443848,223.78765487670898,962.7799987792969,414.41534662246704,1
image_933,814.5843887329102,226.81661987304688,918.3566951751709,389.29143810272217,0
image_935,-185.9981918334961,223.83128547668457,-136.41188263893127,370.14806175231934,1
image_936,861.4276885986328,221.24188804626465,990.089693069458,432.99741888046265,1
image_938,857.1742630004883,223.1042137145996,911.0371398925781,374.00436305999756,0
image_939,828.5999393463135,220.23875617980957,914.6639156341553,406.4422836303711,0
image_940,814.5565795898438,226.21139907836914,855.3110504150391,349.1350927352905,0
image_941,870.2251625061035,221.82164573669434,947.969913482666,402.62952709198,0
image_942,-255.80317497253418,222.93815994262695,-120.37428975105286,436.0495581626892,1
image_943,-165.69915890693665,225.5501880645752,-136.05056762695312,349.7025337219238,0
image_945,-219.34165477752686,220.1708641052246,-172.28197574615479,395.0371732711792,0
image_947,-175.61811804771423,224.94061851501465,-124.57360982894897,363.5890522003174,0
image_949,-182.48170852661133,225.01572036743164,-140.85723638534546,355.18579864501953,0
image_951,830.3610992431641,223.8736572265625,876.8088912963867,361.38260984420776,1
image_952,817.0890140533447,224.21595001220703,855.2614402770996,359.7345962524414,0
image_953,850.0609588623047,225.13920211791992,922.1506690979004,369.0438857078552,0
image_954,-205.88320970535278,220.84772491455078,-151.10254526138306,391.11049795150757,1
image_955,899.1922473907471,216.0609474182129,957.3536109924316,427.0699336528778,1
image_958,839.97971534729,218.13118362426758,915.0465488433838,417.42825412750244,1
image_959,-261.455340385437,217.91497611999512,-176.91176891326904,433.01795387268066,1
image_961,-222.9323387145996,224.39233207702637,-122.663254737854,405.7953062057495,1
image_963,-265.44777631759644,217.2368278503418,-209.8401117324829,424.5618751049042,1
image_964,-168.72418642044067,229.21621704101562,-90.80829977989197,350.4065456390381,0
image_965,794.7742366790771,226.44105339050293,899.7891998291016,389.3533434867859,1
image_966,835.1286506652832,225.426420211792,934.1608715057373,392.57070684432983,1
image_968,860.5286979675293,220.1332130432129,971.9982147216797,421.8456163406372,0
image_969,839.7503757476807,219.1220989227295,900.3085613250732,409.1058888435364,0
image_970,879.7546005249023,222.66504669189453,999.6385288238525,432.2969081401825,0
image_971,-181.23177766799927,228.9302864074707,-114.7002911567688,354.4075860977173,1
image_972,-177.46779084205627,229.0771713256836,-113.18694591522217,351.31592178344727,1
image_974,810.2362060546875,226.1368408203125,879.4570255279541,373.85796451568604,1
image_975,-300.33129930496216,220.5334987640381,-173.37918162345886,443.7102224826813,0
image_976,804.9777889251709,228.95017051696777,880.8953762054443,348.8219680786133,0
image_977,-183.60808610916138,225.37778282165527,-100.48670768737793,381.2997856140137,1
image_978,-187.03221559524536,224.44903755187988,-124.08175706863403,375.76591634750366,0
image_979,865.9594631195068,215.50731086730957,917.017650604248,429.31354427337646,1
image_980,857.1533203125,213.90771293640137,927.7362728118896,447.9858889579773,1
image_982,-227.08474159240723,217.2254695892334,-156.54062747955322,432.10144662857056,0
image_983,794.741792678833,228.18590545654297,883.1900596618652,370.9015908241272,1
image_984,855.9928035736084,221.57290840148926,989.0402412414551,442.36010575294495,0
image_985,-221.13543033599854,224.11226654052734,-117.20439076423645,394.5346417427063,0
image_986,814.9616146087646,226.2771167755127,902.8679466247559,372.64102125167847,0
image_987,872.788667678833,221.71109580993652,947.0353889465332,393.327712059021,0
image_988,-213.1973147392273,223.63825225830078,-152.0591175556183,380.133189201355,1
image_989,834.5204544067383,223.58775520324707,953.5112285614014,412.98526430130005,1
image_993,-230.06664991378784,222.2894229888916,-148.15109610557556,408.0527892112732,1
image_994,850.3379344940186,219.81140518188477,939.1685771942139,413.0384364128113,0
image_995,835.9073066711426,226.89006233215332,926.8881797790527,384.8087658882141,1
image_996,854.6315288543701,218.08592224121094,957.3294925689697,425.47228479385376,1
image_997,-283.06963205337524,223.7509479522705,-153.54686379432678,422.64898443222046,1
image_998,-247.07977294921875,226.10442543029785,-132.0724332332611,402.59864234924316,0
image_999,841.5641498565674,216.03336715698242,904.636402130127,431.3424208164215,1
image_1000,-234.06380653381348,227.4595775604248,-138.2507836818695,379.1891088485718,0
image_1001,-195.74817180633545,225.63796424865723,-87.97619819641113,392.7053179740906,1
image_1003,-205.0696849822998,226.19952583312988,-130.63246250152588,378.0185570716858,0
image_1004,-160.4232108592987,224.98012924194336,-119.25739645957947,355.68025493621826,1
image_1005,795.0722408294678,228.65880393981934,879.3706798553467,365.76491022109985,0
image_1006,858.4817218780518,225.10498428344727,962.7878093719482,406.2089743614197,1
image_1007,-260.42163848876953,223.98360633850098,-133.88513445854187,417.33487033843994,0
image_1008,-259.4011974334717,217.06199073791504,-207.21266269683838,421.47125148773193,0
image_1009,-168.9951753616333,222.4161376953125,-132.17026948928833,375.54263496398926,0
image_1010,868.0267810821533,216.93745040893555,970.1618671417236,439.1048445701599,0
image_1011,-194.8596954345703,226.07275390625,-133.21943163871765,356.3597192764282,0
image_1012,-315.095636844635,215.17268562316895,-245.30972957611084,438.78291511535645,0
image_1013,801.1824417114258,226.0551586151123,863.8383293151855,365.792676448822,1
image_1015,858.63450050354,224.76995849609375,957.698392868042,390.11828804016113,0
image_1016,842.2923374176025,218.87127304077148,892.1532726287842,404.1587510108948,0
image_1018,-328.5745310783386,218.82194900512695,-197.46875524520874,443.74279522895813,0
image_1019,-231.8099570274353,223.78997230529785,-121.60786986351013,399.131139755249,1
image_1020,801.6418933868408,221.11216926574707,875.5063247680664,397.448851108551,1
image_1021,-158.6448311805725,224.83215713500977,-127.18377470970154,354.1100254058838,0
image_1022,877.1588230133057,219.669527053833,990.7247543334961,424.3310549259186,0
image_1023,-206.56352519989014,216.62391090393066,-153.348069190979,421.9953694343567,1
image_1024,-218.93882989883423,224.27162551879883,-130.83263039588928,382.8298034667969,1
image_1025,-322.8818106651306,218.50454711914062,-218.2788348197937,442.68699193000793,1
image_1026,834.0941333770752,224.1699447631836,873.6801910400391,361.5642919540405,0
image_1027,-301.6653871536255,221.2743034362793,-159.85463619232178,452.4098619222641,1
image_1028,-159.2540466785431,224.81167221069336,-130.3909456729889,352.5808515548706,0
image_1029,-202.3005723953247,216.52800941467285,-141.66192054748535,431.66932487487793,1
image_1030,-270.72505474090576,217.8754940032959,-190.58594942092896,424.7671248912811,0
image_1031,-287.9615521430969,217.02376747131348,-214.85363245010376,431.35836386680603,0
image_1033,-262.3094415664673,213.81904983520508,-207.0122480392456,443.3545186519623,1
image_1034,-173.75537753105164,224.07638931274414,-125.78581809997559,362.04386377334595,0
image_1035,830.8235549926758,218.7232723236084,872.0002269744873,403.62496280670166,1
image_1036,-239.066641330719,220.9725513458252,-179.0013062953949,396.77133226394653,0
image_1037,853.1365299224854,221.19502449035645,890.1381397247314,385.31707668304443,1
image_1038,852.6511573791504,225.82856559753418,952.6955795288086,396.62688636779785,0
image_1039,-218.9786982536316,216.71849632263184,-172.52827763557434,418.1875195503235,0
image_1041,-178.27110171318054,222.12703132629395,-141.10410690307617,374.5815315246582,0
image_1042,845.599479675293,215.8064308166504,949.8369884490967,441.26258873939514,0
image_1043,828.6423397064209,223.2928123474121,948.4470462799072,412.1741786003113,1
image_1044,860.269660949707,220.60759925842285,1000.1032161712646,444.2649962902069,1
image_1045,-295.1053476333618,223.276762008667,-168.5131072998047,426.64763593673706,0
image_1046,-236.79847955703735,212.02318572998047,-177.30790972709656,458.92545187473297,0
image_1048,796.2277793884277,227.78321647644043,871.6147613525391,361.7503800392151,0
image_1049,-151.47788286209106,224.16307830810547,-115.64004063606262,361.37050771713257,1
image_1050,831.6627216339111,225.708345413208,932.9028511047363,383.450945854187,0
image_1051,842.416877746582,217.5250186920166,908.5668468475342,418.8755955696106,1
image_1054,-280.0032877922058,223.75518226623535,-152.50120997428894,424.0515830516815,1
image_1056,835.8882522583008,218.22036170959473,912.5582313537598,419.13514041900635,0
image_1057,-292.06801414489746,213.50825691223145,-220.7086157798767,446.5237846374512,0
image_1058,-285.13158559799194,222.57887268066406,-188.3224654197693,412.57916355133057,0
image_1059,834.8347663879395,224.0033473968506,869.8626136779785,362.36829662323,1
image_1060,907.6221942901611,217.91620635986328,1038.753547668457,442.95089983940125,0
image_1061,-213.9467453956604,215.44122123718262,-154.73376274108887,425.01094126701355,1
image_1062,805.2042102813721,229.3364086151123,877.6595592498779,350.5475654602051,0
image_1064,834.8776817321777,225.03915214538574,943.2387542724609,396.44985342025757,0
image_1066,-286.14232778549194,222.2466220855713,-178.17192435264587,419.4140901565552,1
image_1067,-231.52469873428345,221.72027969360352,-174.23623323440552,386.7234625816345,0
image_1068,-277.71705865859985,224.49012184143066,-159.02090907096863,411.77079582214355,0
image_1069,-168.12342524528503,223.65991020202637,-137.30457544326782,363.03141021728516,0
image_1070,835.3870010375977,220.10011100769043,983.3266639709473,460.41358613967896,1
image_1071,-158.9465582370758,222.48031044006348,-115.56999206542969,372.05360317230225,1
image_1072,-190.07253170013428,216.93973922729492,-136.70995116233826,421.6020109653473,1
image_1074,813.7017059326172,222.9309787750244,906.271390914917,405.06396436691284,0
image_1075,-233.94066095352173,211.85761833190918,-169.98854756355286,458.36944603919983,1
image_1076,823.7905883789062,221.78645515441895,866.9838523864746,381.2676420211792,1
image_1078,-183.72045993804932,225.9833469390869,-131.77268028259277,361.3773670196533,1
image_1079,-178.21963548660278,229.17619132995605,-104.46298599243164,352.9289665222168,1
image_1080,-238.5497260093689,223.53960418701172,-154.07395005226135,399.3331923484802,0
image_1081,828.9742469787598,224.81278800964355,884.8288249969482,358.16747093200684,0
image_1082,-307.64158487319946,221.90976524353027,-183.93909215927124,436.250337600708,0
image_1083,863.0676555633545,218.24579620361328,979.0041446685791,434.03835558891296,0
image_1084,811.4600658416748,225.29263877868652,839.4072246551514,348.98802185058594,1
image_1086,-218.6122226715088,223.8399543762207,-117.90489792823792,405.61441802978516,0
image_1087,-216.81113004684448,220.05585098266602,-120.67353844642639,417.367235660553,1
image_1089,815.5681800842285,222.81473541259766,950.509557723999,429.8956050872803,1
image_1090,-277.6268935203552,218.79674339294434,-169.07010555267334,445.9978177547455,0
image_1091,-229.81724739074707,226.57463455200195,-139.48864459991455,381.5739288330078,1
image_1092,-214.48262929916382,222.67168426513672,-145.58818101882935,384.8263039588928,1
image_1093,-159.92739915847778,228.08828735351562,-78.59257578849792,358.6444034576416,1
image_1095,-265.0720739364624,221.43658065795898,-126.8542492389679,434.1045060157776,1
image_1097,-179.61779594421387,223.65879440307617,-110.56758642196655,376.24714756011963,1
image_1098,858.0508518218994,222.09109687805176,1008.4929943084717,452.0304706096649,0
image_1100,863.4109783172607,220.9268035888672,905.4756546020508,384.85484981536865,1
image_1101,813.7826442718506,226.67911911010742,882.9009819030762,353.0680122375488,0
image_1104,-258.42867136001587,222.43722343444824,-155.2279543876648,421.424681186676,1
image_1105,850.581865310669,224.4354763031006,960.9517192840576,399.7806921005249,0
image_1106,866.5159893035889,215.11889839172363,965.1282405853271,450.5366017818451,0
image_1107,862.2961235046387,217.3506965637207,961.7546653747559,433.43721532821655,1
image_1108,-177.8124439716339,228.30572509765625,-98.80937218666077,365.80609464645386,0
image_1109,824.8710250854492,223.86021041870117,862.8607177734375,364.1282048225403,1
image_1110,844.2311668395996,224.63363075256348,934.2484188079834,399.4807424545288,1
image_1111,825.0026035308838,224.35290718078613,877.4442958831787,368.651997089386,0
image_1113,841.11328125,221.75097846984863,896.7859840393066,386.05087900161743,1
image_1116,-245.4301929473877,222.3234691619873,-156.89633131027222,407.89652729034424,0
image_1118,-185.76842308044434,224.24367332458496,-107.58652567863464,388.5887494087219,0
image_1121,-263.45534563064575,217.01758766174316,-201.90832614898682,421.365597486496,0
image_1123,830.7629585266113,228.13990020751953,921.6341400146484,372.02709579467773,0
image_1124,-222.82646656036377,225.8980312347412,-147.54021763801575,380.80790424346924,1
image_1126,-223.64260911941528,218.6687412261963,-161.13700032234192,408.9659204483032,0
image_1129,835.8462810516357,225.3267993927002,872.4958992004395,353.12962436676025,1
image_1131,-227.4280858039856,225.56761169433594,-107.96540379524231,408.84567880630493,1
image_1136,-213.29335927963257,222.86096954345703,-145.34732937812805,382.82954597473145,1
image_1137,-173.42130303382874,229.33197402954102,-102.38811492919922,349.01083850860596,1
image_1138,828.160400390625,226.3781681060791,872.2920513153076,352.8078451156616,1
image_1139,-169.01769518852234,225.87036514282227,-90.84843635559082,366.7025532722473,1
image_1140,-181.21025562286377,229.08904457092285,-101.96935772895813,356.17957496643066,0
image_1142,-252.48412370681763,214.11940002441406,-168.98792266845703,456.27810084819794,1
image_1143,805.5974006652832,224.1088047027588,906.0645389556885,388.6804451942444,1
image_1144,-175.27344346046448,224.46202659606934,-132.46987223625183,361.0194959640503,1
image_1145,-292.19388484954834,221.507905960083,-136.6098403930664,464.4385635256767,0
image_1146,811.366081237793,218.54176902770996,889.929141998291,416.8347134590149,1
image_1147,830.1941585540771,226.5004768371582,922.9298400878906,379.6059241294861,0
image_1148,-219.51078414916992,228.4681453704834,-126.8580150604248,374.16976594924927,0
image_1149,852.7767276763916,221.65727996826172,921.8818473815918,385.0327911376953,0
image_1150,822.6000308990479,221.91791915893555,869.8162651062012,375.2409472465515,0
image_1151,868.9462852478027,214.42298316955566,940.2458381652832,444.6062090396881,1
image_1152,879.6813011169434,216.20548629760742,995.6363296508789,446.7600657939911,1
image_1153,844.2452430725098,223.29856300354004,884.0384101867676,367.1966519355774,0
image_1154,-149.525728225708,224.7975673675537,-117.75240898132324,351.26576805114746,1
image_1155,-206.61440134048462,220.0628318786621,-141.40986800193787,402.37180614471436,0
image_1156,882.4826431274414,213.5963191986084,943.0119037628174,446.8032600879669,0
image_1158,806.1317825317383,227.57739448547363,887.1755218505859,360.4800715446472,0
image_1159,808.3677577972412,224.67245483398438,913.7961673736572,403.1641592979431,0
image_1160,818.6270999908447,223.97236251831055,929.2353057861328,405.48913383483887,1
image_1161,819.807014465332,222.93778800964355,871.8133735656738,378.0054249763489,0
image_1162,831.9277667999268,224.90754508972168,871.1959934234619,355.2339496612549,0
image_1164,-240.94774961471558,225.20938301086426,-140.41025161743164,396.9707098007202,0
image_1165,-204.98333930969238,221.23456382751465,-159.99241590499878,386.30610370635986,0
image_1166,-183.3850336074829,228.50390815734863,-97.38002300262451,362.1829595565796,0
image_1167,-245.1764988899231,225.3578987121582,-140.02504348754883,399.3760504722595,0
image_1168,-172.98433899879456,223.0653896331787,-110.92085480690002,382.1203055381775,1
image_1169,-254.1971755027771,225.1465549468994,-142.92245149612427,403.90971326828003,0
image_1171,882.3891735076904,219.80270767211914,975.7655811309814,409.7420301437378,0
image_1172,821.0699272155762,221.3116111755371,941.8137073516846,440.86372995376587,1
image_1173,834.581823348999,226.04405784606934,903.4811210632324,356.55720138549805,0
image_1174,898.5540962219238,213.35670852661133,959.7507762908936,447.36623072624207,1
image_1177,-189.368999004364,220.18142127990723,-132.9011607170105,393.1954255104065,1
image_1178,-294.7657370567322,221.69561767578125,-167.978618144989,425.90866589546204,0
image_1179,841.5288734436035,225.91571235656738,930.3814029693604,385.96089267730713,1
image_1183,-320.1879072189331,222.43805313110352,-177.2436761856079,440.2497866153717,0
image_1184,-285.5161499977112,220.26951217651367,-190.11995315551758,424.72025060653687,1
image_1185,825.9843349456787,225.35993003845215,888.3245372772217,369.67774534225464,0
image_1186,797.3869228363037,227.13748359680176,880.4033088684082,371.3093008995056,0
image_1187,807.48610496521,223.28068161010742,884.4900512695312,377.92987966537476,1
image_1188,827.303466796875,224.93981742858887,882.92724609375,367.3508539199829,0
image_1189,816.9369220733643,225.0883617401123,844.6941375732422,351.4641227722168,0
image_1191,-249.96949911117554,219.0769805908203,-170.0950312614441,422.30021500587463,1
image_1192,-219.72347259521484,223.82175827026367,-155.93159437179565,379.23211002349854,0
image_1193,-147.9348349571228,228.48247909545898,-88.48044276237488,346.60486125946045,0
image_1194,872.4027729034424,223.22852516174316,995.0788593292236,424.4083847999573,1
image_1195,-216.50507926940918,214.0833225250244,-150.77024102210999,444.63265204429626,1
image_1196,789.5051765441895,228.65545654296875,879.0994548797607,367.48960638046265,0
image_1197,805.2745914459229,224.80512046813965,882.9172897338867,373.2269444465637,1
image_1198,788.6400890350342,226.41473197937012,841.5414047241211,350.2819194793701,1
image_1199,-191.39846563339233,226.17143058776855,-91.94830298423767,382.85897874832153,1
image_1200,-176.3147735595703,224.78472137451172,-108.39605927467346,369.0626611709595,1
image_1201,-198.5578179359436,217.16444396972656,-144.89282369613647,418.29394245147705,1
image_1202,-249.32913780212402,216.52692222595215,-167.92107939720154,432.646035194397,0
image_1203,846.6715049743652,223.72070693969727,888.4392929077148,366.11966276168823,0
image_1204,-140.30494809150696,225.46358489990234,-109.29781794548035,352.18098068237305,1
image_1205,806.4490127563477,225.5139675140381,918.7636184692383,405.00494146347046,0
image_1206,-182.47497081756592,225.77331924438477,-118.98356437683105,359.27535915374756,0
image_1207,825.4268646240234,218.52960968017578,907.3238468170166,426.9188895225525,1
image_1208,-293.85786294937134,224.5068016052246,-174.78242754936218,415.2332844734192,0
image_1209,813.37477684021,224.3025245666504,864.0129947662354,368.3490719795227,1
image_1210,-325.4564952850342,221.2988224029541,-193.30639600753784,444.3601932525635,0
image_1212,-202.63011932373047,220.6451644897461,-162.0802366733551,390.44641876220703,0
image_1213,-210.69178819656372,216.91888236999512,-133.03033590316772,431.3396062850952,1
image_1214,852.7033424377441,223.9051570892334,915.4310703277588,377.476243019104,0
image_1215,826.5295314788818,225.19839668273926,898.9508056640625,368.84559535980225,0
image_1216,825.4842853546143,224.70741653442383,858.1848335266113,354.8427047729492,0
image_1217,-246.47724151611328,224.92634201049805,-147.02764749526978,397.26568126678467,1
image_1219,858.9912128448486,218.03691291809082,914.9982261657715,413.43559646606445,1
image_1221,809.1345691680908,225.53779983520508,915.8280372619629,401.04153060913086,0
image_1223,833.8538932800293,222.50783348083496,879.7348594665527,374.3371071815491,1
image_1224,835.4666519165039,225.76894187927246,894.9721240997314,368.11051988601685,1
image_1225,805.9589195251465,225.27192497253418,903.8071060180664,400.47077083587646,1
image_1226,-316.59316778182983,216.5589656829834,-226.8443512916565,446.28843331336975,1
image_1227,-186.40854835510254,226.63216972351074,-114.37917709350586,365.5072178840637,1
image_1228,-359.078950881958,220.570405960083,-219.71527576446533,442.71461510658264,0
image_1230,-159.94088530540466,226.82477378845215,-103.41943502426147,355.5948820114136,0
image_1232,-167.9627823829651,229.7879638671875,-86.05154156684875,356.5658130645752,0
image_1233,-289.13140296936035,223.4657039642334,-152.5299847126007,438.64649081230164,0
image_1235,-160.76548218727112,227.3189868927002,-92.39206910133362,359.98164558410645,0
image_1236,-198.16383361816406,227.4544563293457,-105.7478928565979,378.73211765289307,1
image_1237,785.7829570770264,226.17769622802734,845.5654048919678,350.79601669311523,1
image_1238,-231.28113269805908,225.3798427581787,-115.66700220108032,405.9368624687195,1
image_1239,-299.04366731643677,221.6822853088379,-201.19719743728638,420.95844531059265,0
image_1241,870.347728729248,221.36602783203125,957.8457641601562,413.2829394340515,1
image_1242,-312.4979281425476,220.88271522521973,-201.9339895248413,435.51800870895386,0
image_1243,889.4265174865723,219.9390640258789,985.4629898071289,433.3190264701843,0
image_1244,851.2196731567383,222.13555717468262,890.690803527832,373.94182109832764,1
image_1246,845.0662136077881,224.73602676391602,938.6390018463135,393.0613579750061,1
image_1248,-156.5993356704712,225.0272216796875,-123.70911240577698,355.36077880859375,0
image_1250,-286.45769119262695,220.9139289855957,-192.35773086547852,421.23092913627625,0
image_1251,817.6494026184082,222.59721183776855,864.2245674133301,372.0662488937378,1
image_1253,827.7867794036865,226.0500946044922,898.7945079803467,373.07894372940063,0
image_1254,820.7763862609863,224.32315254211426,853.8204288482666,358.9328088760376,0
image_1255,-216.40156745910645,223.2101287841797,-140.65082430839539,392.2851266860962,1
image_1256,911.700267791748,214.3012180328369,979.630537033081,441.31550335884094,1
image_1257,872.4877452850342,223.1371726989746,989.0855598449707,423.5865273475647,1
image_1258,873.5697269439697,220.87427520751953,981.1402988433838,428.3222641944885,0
image_1260,-197.39884614944458,224.14081954956055,-115.99674224853516,392.2242512702942,1
image_1261,-191.96346759796143,228.02992248535156,-104.7271192073822,364.9055519104004,0
image_1262,885.5872249603271,214.86346626281738,936.5678215026855,436.1338975429535,1
image_1263,801.5468788146973,225.5553379058838,861.0831642150879,360.59939765930176,1
image_1264,870.2150344848633,224.3654670715332,994.73708152771,415.1889958381653,0
image_1265,807.8234195709229,227.07079315185547,858.14208984375,348.8950242996216,0
image_1266,809.7164154052734,224.28667449951172,873.4515380859375,376.53272771835327,0
image_1269,-310.27617931365967,219.63762664794922,-160.5324411392212,457.8385832309723,0
image_1271,844.8521518707275,225.1495018005371,950.6298065185547,392.3349800109863,0
image_1272,-145.57209849357605,225.75180435180664,-102.3331081867218,351.09044456481934,1
image_1273,816.5845012664795,225.75990104675293,924.2301750183105,395.3770627975464,0
image_1274,-170.92052936553955,228.78217124938965,-92.01249361038208,354.38004875183105,0
image_1275,852.976541519165,219.0202751159668,1004.8442459106445,460.2760657072067,0
image_1276,-183.40492486953735,224.11072158813477,-150.94938039779663,359.8066940307617,0
image_1278,-191.98108434677124,223.52332496643066,-140.17104148864746,374.29495000839233,1
image_1280,-300.2560043334961,214.80836296081543,-209.98731136322021,447.92446994781494,1
image_1281,-182.7771806716919,225.74762725830078,-116.52016997337341,370.9642686843872,0
image_1282,-270.5928111076355,218.5005702972412,-198.7004041671753,420.1074161529541,1
image_1284,862.8608894348145,224.0560188293457,960.3475570678711,408.47099924087524,0
image_1285,-192.9613995552063,221.08364486694336,-130.3987991809845,397.32117795944214,1
image_1288,-181.6967225074768,229.30253410339355,-115.8300268650055,349.4928922653198,0
image_1289,904.6930503845215,215.36131286621094,965.5307865142822,432.9913749694824,1
image_1290,-186.1631155014038,225.93662643432617,-134.584321975708,357.66132736206055,0
image_1291,839.5777702331543,218.21329498291016,981.0833072662354,449.1021385192871,1
image_1292,-168.17691922187805,225.19593620300293,-110.00063180923462,362.89716386795044,0
image_1293,860.6983852386475,221.03652381896973,968.6858367919922,413.12275791168213,0
image_1294,837.7724075317383,226.29256629943848,927.9041576385498,382.737313747406,1
image_1295,851.6335487365723,223.31507110595703,885.197639465332,366.3698306083679,0
image_1297,-216.60972833633423,226.9955768585205,-112.00462818145752,387.92696619033813,1
image_1299,-248.5579490661621,217.07074546813965,-153.64444255828857,442.7899136543274,0
image_1300,-285.84490299224854,221.68048286437988,-155.25550603866577,430.7082965373993,0
image_1301,815.3218460083008,226.49629974365234,854.4932556152344,346.2625970840454,1
image_1302,826.9210052490234,219.74331283569336,950.0693321228027,450.71963572502136,0
image_1303,-279.01790857315063,216.60085105895996,-195.50782442092896,440.55117750167847,1
image_1304,828.3256244659424,222.82034301757812,887.5205612182617,383.10426139831543,1
image_1306,799.4231700897217,225.19190216064453,897.528247833252,394.1116180419922,0
image_1310,842.1994686126709,226.12373733520508,918.9392280578613,375.96595907211304,0
image_1311,-240.8487868309021,220.13252639770508,-135.4457938671112,433.3436920642853,0
image_1312,807.5265312194824,225.9503879547119,908.7705230712891,389.658814907074,0
image_1313,869.5296764373779,219.66489219665527,916.6009426116943,397.69189500808716,0
image_1314,-274.0982437133789,221.0311164855957,-190.22052526474,412.24860095977783,0
image_1315,-287.4646782875061,222.43690872192383,-147.21167922019958,438.0331304073334,0
image_1316,-317.5661873817444,222.5769557952881,-175.78309535980225,444.57467341423035,0
image_1317,831.3695240020752,222.1509494781494,907.9830265045166,399.05316972732544,0
image_1318,-248.65139722824097,219.05918502807617,-205.5688977241516,402.39236974716187,0
image_1319,785.3780937194824,225.25690460205078,880.7056903839111,384.630567073822,1
image_1320,810.2786064147949,226.31127738952637,913.2371520996094,387.1118893623352,1
image_1321,-248.78591537475586,221.02219009399414,-159.53787803649902,402.8704824447632,0
image_1322,-172.02433347702026,222.16139221191406,-95.23271083831787,390.71876668930054,1
image_1324,825.9284591674805,221.29567527770996,892.7721977233887,397.7627124786377,1
image_1325,-194.8423147201538,221.7653980255127,-138.40101957321167,389.53212881088257,1
image_1326,846.6652393341064,223.7374153137207,964.711103439331,409.71038722991943,0
image_1327,-197.2762370109558,219.5783176422119,-137.2873020172119,398.0497159957886,0
image_1328,864.4981956481934,222.5784149169922,939.090986251831,385.251437664032,0
image_1330,807.8925132751465,225.85028076171875,888.9151382446289,381.3152422904968,0
image_1332,-315.5829620361328,222.98199081420898,-180.15891551971436,430.1944818496704,0
image_1333,826.6407680511475,220.19558334350586,867.4334335327148,392.48435401916504,1
image_1334,-227.38532066345215,218.83925819396973,-154.59621906280518,412.0890917778015,1
image_1336,-168.46904397010803,224.54519653320312,-138.8955545425415,355.1894178390503,0
image_1338,827.5094604492188,223.43011283874512,884.4735717773438,377.6734676361084,1
image_1340,-179.27241325378418,226.43149757385254,-107.36466407775879,371.71193981170654,0
image_1341,885.7230949401855,216.65189170837402,948.8871002197266,422.77935767173767,0
image_1342,-162.26259469985962,222.84480476379395,-127.53373861312866,369.1058340072632,0
image_1343,-272.8749203681946,220.53035163879395,-154.38642740249634,444.71991324424744,1
image_1344,-155.08564710617065,226.9007625579834,-99.18551445007324,348.80576038360596,1
image_1346,-204.88195180892944,225.69240951538086,-98.97096991539001,399.4832172393799,1
image_1347,-223.52742433547974,220.07439041137695,-168.3892321586609,401.15794563293457,0
image_1348,-267.0562434196472,222.93521308898926,-170.67463517189026,406.23098278045654,1
image_1349,855.4968738555908,219.07400512695312,995.7325458526611,451.9950761795044,1
image_1351,823.7564277648926,226.43438720703125,911.0078716278076,381.4632716178894,1
image_1354,-218.50677967071533,227.4101676940918,-135.8881115913391,373.545361995697,1
image_1355,807.8786087036133,223.65699195861816,846.535120010376,362.1799840927124,1
image_1356,-198.16417694091797,223.3232250213623,-152.96132683753967,371.4110674858093,0
image_1358,860.7126331329346,223.5664119720459,992.2540855407715,428.59362506866455,0
image_1360,-317.7667737007141,222.59984397888184,-177.13758945465088,438.1066586971283,0
image_1362,-141.81945204734802,225.94958686828613,-103.17088007926941,349.3810405731201,0
image_1363,827.8851413726807,223.36476707458496,868.4389400482178,369.11398792266846,0
image_1364,-237.36451148986816,215.18029594421387,-156.3809609413147,443.03762459754944,1
image_1366,865.0307750701904,214.59453010559082,916.2198543548584,436.3416292667389,0
image_1367,822.1604919433594,223.69993591308594,874.4699192047119,372.4942936897278,0
image_1368,-194.9605679512024,226.53211975097656,-99.76853013038635,386.62645959854126,1
image_1369,782.3390865325928,225.52589797973633,880.1782608032227,383.0825819969177,1
image_1370,-244.096941947937,227.21229934692383,-143.3696722984314,382.1357407569885,0
image_1371,822.0474529266357,227.12203407287598,895.0145244598389,366.91210174560547,1
image_1372,814.993371963501,225.10950469970703,847.7499675750732,352.38279724121094,0
image_1373,824.7639083862305,225.6204833984375,907.9336738586426,372.8149428367615,0
image_1374,-255.94722032546997,215.72369003295898,-139.18530821800232,448.1637444496155,1
image_1375,802.2665691375732,225.3048553466797,835.0277137756348,352.2743215560913,1
image_1377,-198.58839511871338,226.89801597595215,-118.52789998054504,370.43919229507446,0
image_1378,839.5954513549805,213.9020767211914,913.4343910217285,453.5470720529556,1
image_1379,838.8723278045654,222.02294731140137,873.5125637054443,376.2236728668213,0
image_1380,-282.2197151184082,221.55531311035156,-189.2833399772644,412.1453466415405,1
image_1381,848.4448528289795,221.4632740020752,917.0674324035645,398.99632120132446,0
image_1382,-184.43628787994385,224.26089668273926,-124.87300872802734,374.6983542442322,1
image_1383,856.6633987426758,221.69899368286133,907.3639297485352,383.94340658187866,0
image_1384,799.6430683135986,226.50396728515625,847.0694160461426,347.3923578262329,1
image_1385,-270.16878604888916,222.87962341308594,-139.1345179080963,440.2210190296173,1
image_1386,832.091703414917,219.87048530578613,894.3509674072266,404.19495010375977,1
image_1387,792.1984577178955,219.84067344665527,901.0122871398926,422.45651268959045,1
image_1388,-182.70952463150024,227.2838249206543,-85.43203175067902,377.760507106781,1
image_1389,817.2926044464111,221.70508766174316,859.7705554962158,381.55468130111694,1
image_1390,-245.83992719650269,214.76653480529785,-174.37373399734497,446.71074891090393,1
image_1391,-167.06717133522034,227.9510726928711,-85.10244190692902,362.31125497817993,1
image_1392,-302.27768182754517,220.4349365234375,-190.71830034255981,436.44847774505615,0
image_1394,-258.7115263938904,221.07205772399902,-123.48604917526245,447.3336651325226,1
image_1395,852.141752243042,220.84972763061523,1009.3144798278809,461.0487403869629,0
image_1397,836.1926078796387,220.09782218933105,877.8432369232178,391.6408386230469,0
image_1398,815.3493118286133,226.14184761047363,911.0365390777588,379.8649969100952,1
image_1399,-322.4147415161133,223.44290161132812,-196.24995946884155,434.0813567638397,1
image_1404,856.8150615692139,224.92267990112305,979.1075706481934,412.58312606811523,0
image_1405,874.2434120178223,221.13391304016113,958.2810974121094,411.96277046203613,0
image_1407,-180.7423710823059,228.09257888793945,-100.23638248443604,362.51168394088745,1
image_1408,795.7091045379639,227.58323097229004,857.3168277740479,354.5887746810913,1
image_1410,-187.87912845611572,221.52055168151855,-146.29718542099,381.78258323669434,0
image_1411,-250.34550189971924,223.5872688293457,-124.31853175163269,421.6387429237366,1
image_1412,-282.6341485977173,221.69281387329102,-142.2451400756836,450.05411171913147,0
image_1415,854.3669986724854,221.55070686340332,944.597282409668,409.4150366783142,0
image_1416,-173.18885207176208,222.60007286071777,-130.03493070602417,373.96392250061035,0
image_1420,-270.9757876396179,218.8236083984375,-150.4894459247589,447.9610946178436,1
image_1421,-265.04143238067627,225.53719902038574,-143.53448867797852,413.3513035774231,0
image_1422,841.6989040374756,225.59396171569824,949.9235916137695,397.4790563583374,0
image_1423,-160.68343877792358,226.11798667907715,-124.06400084495544,346.4690341949463,0
image_1424,808.7224102020264,224.83782196044922,891.7392253875732,376.8991746902466,1
image_1425,-219.72267866134644,226.81003952026367,-121.6948914527893,380.75870180130005,1
image_1426,803.6535930633545,227.03016662597656,867.646894454956,352.759822845459,1
image_1427,795.2297401428223,229.0990867614746,868.8408851623535,353.2960786819458,0
image_1428,-232.1092700958252,227.38404655456543,-137.89503693580627,376.0400595664978,0
image_1429,-294.04958724975586,222.6859893798828,-154.27438616752625,441.0289146900177,0
image_1430,-259.35341119766235,225.39512062072754,-156.0115671157837,396.95782804489136,1
image_1432,-210.68517923355103,220.78950309753418,-172.36907243728638,385.12492322921753,0
image_1433,835.5153179168701,224.50053596496582,907.9876613616943,382.0706596374512,1
image_1434,799.8094940185547,221.86230087280273,920.9129905700684,421.215815782547,1
image_1435,803.673505783081,228.51841354370117,868.8189125061035,355.7350149154663,0
image_1436,-208.37260007858276,222.4560203552246,-93.07684779167175,413.83463048934937,1
image_1437,-305.2866053581238,223.73366737365723,-169.87335205078125,435.95929288864136,1
image_1439,803.1244468688965,227.28262329101562,904.5071411132812,384.6743550300598,1
image_1440,-162.52243638038635,221.24068641662598,-125.55463314056396,382.3493733406067,1
image_1441,-208.7549114227295,216.27272033691406,-154.21557068824768,429.6843864917755,0
image_1442,881.3204097747803,213.77919578552246,946.7726612091064,443.9343764781952,1
image_1443,813.407392501831,225.2396240234375,908.3280658721924,392.4622311592102,1
image_1444,-222.37368822097778,226.93895721435547,-131.88772559165955,379.18282890319824,0
image_1446,868.5288906097412,216.19432830810547,919.3779945373535,423.49647307395935,0
image_1449,-244.17167901992798,225.73008918762207,-136.62110567092896,397.0572199821472,1
image_1450,834.9460029602051,223.8622989654541,946.395435333252,411.71114349365234,1
image_1451,-239.87668991088867,217.65010261535645,-196.49288177490234,410.9802522659302,0
image_1452,-215.24568557739258,224.41193008422852,-123.14202904701233,381.22424030303955,0
image_1455,-243.50936651229858,220.9454860687256,-107.6994252204895,435.9357395172119,1
image_1456,-222.80316352844238,216.77789115905762,-171.4484202861786,419.97867727279663,1
image_1457,-282.6956248283386,221.76843070983887,-178.5537314414978,425.4929521083832,1
image_1458,-262.5897002220154,216.14228630065918,-194.72820281982422,430.06293201446533,0
image_1460,813.3233642578125,223.68677520751953,874.6938514709473,371.98086881637573,1
image_1461,-192.73105144500732,221.56229400634766,-146.5048849582672,384.62971591949463,0
image_1462,803.4984111785889,224.27371406555176,869.1352844238281,371.4405288696289,1
image_1463,-294.5195531845093,220.98196411132812,-161.83852672576904,444.988005399704,1
image_1464,837.4865055084229,225.2912082672119,880.1396369934082,353.7664451599121,0
image_1465,867.4854469299316,223.4664478302002,977.1149253845215,417.9969038963318,1
image_1467,-228.91074657440186,222.17581176757812,-156.4045214653015,389.76963663101196,0
image_1468,861.7876625061035,224.0487518310547,943.9732074737549,382.3656311035156,0
image_1470,808.6958026885986,226.2672462463379,857.5200748443604,356.93498516082764,0
image_1471,853.1853675842285,219.02041816711426,928.5617065429688,410.89475774765015,0
image_1472,805.537919998169,221.44227409362793,937.856912612915,440.7239725589752,1
image_1474,862.7940273284912,218.09213066101074,969.3336009979248,432.93014192581177,0
image_1475,825.8269214630127,224.45616149902344,867.7087783813477,355.7382335662842,0
image_1476,-246.91961288452148,226.21179962158203,-143.68324398994446,388.22818899154663,0
image_1477,-263.7312054634094,213.9284553527832,-158.99903297424316,456.58457720279694,1
image_1478,-229.5110034942627,221.4163818359375,-173.830908536911,389.1957941055298,0
image_1479,815.5786514282227,224.65823554992676,845.3767490386963,355.4304447174072,1
image_1480,-193.14767360687256,227.2614231109619,-105.2130389213562,375.5777325630188,1
image_1481,805.9923076629639,224.13958930969238,840.8053207397461,360.0983896255493,1
image_1482,-293.9716958999634,218.27618026733398,-148.25055241584778,458.83396887779236,0
image_1483,-173.024400472641,226.03069686889648,-101.42575979232788,375.1391091346741,0
image_1485,898.624906539917,217.1825828552246,947.6454734802246,418.0151643753052,0
image_1486,829.6753120422363,215.97872161865234,911.8927001953125,431.62157797813416,1
image_1487,858.3913421630859,215.6928768157959,925.3122425079346,432.26170325279236,0
image_1488,839.5365715026855,226.57646560668945,917.0080375671387,373.6097135543823,1
image_1489,-238.41402769088745,226.70380973815918,-127.47125387191772,398.1887617111206,1
image_1490,787.4148559570312,229.99164009094238,867.3227977752686,352.0833339691162,1
image_1491,-234.84299898147583,221.9305076599121,-156.268812417984,405.18693828582764,1
image_1492,-182.3101544380188,227.6749267578125,-95.00156879425049,363.421181678772,0
image_1493,-217.9503607749939,220.89458847045898,-169.73485350608826,386.00610399246216,1
image_1494,898.617353439331,218.09459114074707,1026.047601699829,439.444712638855,0
image_1495,-186.35333776474,229.23326873779297,-102.97084093093872,359.0579857826233,1
image_1497,-203.96485090255737,219.79566955566406,-151.90836668014526,401.8456497192383,1
image_1498,-158.83874416351318,225.4494800567627,-126.55673861503601,348.7358798980713,0
image_1499,839.4176959991455,219.5959415435791,915.5996417999268,408.5839595794678,1
image_1500,-176.9186568260193,228.46036338806152,-100.83045959472656,363.40624713897705,1
image_1502,797.5165271759033,222.23423385620117,910.6310749053955,407.5230278968811,1
image_1504,-203.48183870315552,217.25227737426758,-127.5387704372406,423.8320245742798,1
image_1505,-230.7775855064392,217.29627990722656,-180.82354545593262,413.441876411438,0
image_1506,-200.57719945907593,225.86026573181152,-132.31326341629028,361.72784948349,0
image_1508,835.404167175293,225.8379783630371,895.9733390808105,365.2708616256714,0
image_1509,-220.25645971298218,222.89890670776367,-110.05104660987854,405.56264781951904,1
image_1510,-296.81936502456665,216.90806770324707,-214.93942022323608,435.96932435035706,1
image_1511,842.7193450927734,221.60746955871582,916.8573188781738,388.9604606628418,1
image_1513,-289.1563153266907,220.80804252624512,-188.0712389945984,411.01616525650024,0
image_1515,-255.47892808914185,221.89794921875,-131.13698601722717,422.13371777534485,0
image_1516,-266.4569091796875,220.9436264038086,-140.78645825386047,439.87305426597595,1
image_1518,-275.71988582611084,217.95923614501953,-177.23669171333313,443.01943922042847,1
image_1519,-286.1000990867615,224.82403182983398,-170.49080729484558,414.1345729827881,0
image_1520,-255.48115968704224,220.5242862701416,-125.43771028518677,435.0478210449219,1
image_1521,-252.82785415649414,222.64336013793945,-140.0852644443512,430.11774921417236,1
image_1522,-306.85237169265747,223.56887245178223,-169.83773231506348,438.95463013648987,0
image_1523,-189.3714451789856,223.9677276611328,-126.4705753326416,373.606409072876,1
image_1524,802.7909088134766,228.5512580871582,890.7507133483887,367.835289478302,1
image_1526,851.0966777801514,214.5920696258545,928.2959747314453,449.2140939235687,1
image_1529,-165.79660892486572,227.61727714538574,-93.71962308883667,360.28929138183594,0
image_1530,847.9116725921631,216.13479042053223,948.5222339630127,452.76652777194977,0
image_1531,809.2912101745605,229.12446403503418,894.9286079406738,359.420606136322,1
image_1533,-260.53064346313477,224.5990695953369,-149.5821511745453,406.5462317466736,1
image_1534,883.1764125823975,220.31348609924316,924.245023727417,389.7979893684387,0
image_1535,-210.18856287002563,224.55249214172363,-149.35751080513,375.09022855758667,0
image_1536,-203.6524486541748,221.4581813812256,-146.08914256095886,395.1460781097412,0
image_1537,-259.0828514099121,223.7736930847168,-138.4123170375824,421.6203465461731,0
image_1539,-279.9749422073364,224.34246444702148,-154.42776560783386,418.10372734069824,0
image_1540,-230.82221746444702,215.54192924499512,-180.23646354675293,429.45358777046204,0
image_1541,883.0870628356934,218.75322723388672,981.8392181396484,440.1963391304016,0
image_1542,-172.83551931381226,221.2504711151123,-129.35575246810913,384.1362180709839,1
image_1543,-174.8318874835968,221.99548149108887,-137.08601832389832,378.5011329650879,1
image_1544,-178.3184266090393,223.18789863586426,-102.63928771018982,383.8837399482727,1
image_1546,877.1194267272949,215.83635711669922,998.8065719604492,454.8652991056442,0
image_1547,815.6637954711914,226.1060276031494,852.7859973907471,347.57736587524414,0
image_1549,-142.66232013702393,225.5817165374756,-112.99957752227783,347.81611824035645,1
image_1550,884.231014251709,215.06817245483398,946.0227584838867,434.4404330253601,0
image_1551,813.3154678344727,228.7713851928711,880.2560234069824,355.23931407928467,1
image_1552,-226.63855075836182,226.633056640625,-138.35734248161316,383.10786628723145,1
image_1553,835.3143882751465,220.33697509765625,899.6600246429443,397.2651877403259,1
image_1554,834.9411106109619,221.43234634399414,916.5297889709473,397.2233953475952,1
image_1555,-269.2234683036804,221.1739387512207,-173.6825180053711,402.55255126953125,0
image_1556,-252.13020086288452,221.24200248718262,-144.8333215713501,415.5395712852478,1
image_1557,-174.30081009864807,224.20055770874023,-111.19678974151611,366.6463556289673,0
image_1558,854.9001789093018,222.32853317260742,894.1659164428711,373.5576572418213,0
image_1559,-242.28050708770752,226.1793270111084,-149.4063377380371,386.00140476226807,0
image_1560,822.3333549499512,228.51108932495117,893.2149982452393,356.59745597839355,0
image_1561,801.2796020507812,221.21942901611328,944.884729385376,449.3488337993622,1
image_1562,820.6857490539551,227.26022148132324,924.0773105621338,389.79062938690186,0
image_1563,-287.92739152908325,215.5200710296631,-184.15637254714966,449.04312455654144,1
image_1564,-235.3953194618225,217.58192443847656,-182.90148496627808,414.71760654449463,1
image_1565,809.2634868621826,228.06476974487305,891.6110801696777,358.5676565170288,1
image_1566,831.3337326049805,222.8108730316162,916.01806640625,390.27196073532104,1
image_1568,807.246208190918,224.4610252380371,874.7929859161377,367.983998298645,1
image_1569,-228.3653998374939,227.12970161437988,-136.4156699180603,380.6404342651367,0
image_1570,-263.55881452560425,218.13739204406738,-153.0016565322876,456.6181262731552,1
image_1571,842.7178001403809,223.21625137329102,921.7315578460693,385.4595699310303,0
image_1572,-202.5522494316101,225.45342826843262,-89.60916459560394,399.8866286277771,1
image_1573,-285.53393840789795,217.16916465759277,-211.961932182312,429.1109230518341,0
image_1575,811.9140243530273,221.38754272460938,922.4877262115479,428.0351068973541,0
image_1576,-225.4711675643921,215.89440727233887,-139.66827750205994,433.8060441017151,1
image_1579,823.4389400482178,223.95539665222168,946.1268711090088,414.95930576324463,0
image_1580,-181.07580184936523,219.50195693969727,-119.21467423439026,399.2385640144348,1
image_1581,795.9959506988525,226.99139976501465,903.2637119293213,392.0178713798523,1
image_1582,-209.76076126098633,219.93528747558594,-94.57302689552307,425.80269718170166,1
image_1583,-240.47394275665283,217.45189094543457,-195.05365133285522,413.82823610305786,0
image_1584,813.0451011657715,223.58589553833008,912.5071620941162,406.0387077331543,1
image_1585,-162.47398495674133,225.0144329071045,-119.44950699806213,355.8461799621582,1
image_1586,-296.9326615333557,219.16252517700195,-193.88062477111816,439.50843834877014,0
image_1587,842.2433280944824,225.65169715881348,950.0454711914062,392.9920139312744,0
image_1588,834.0574836730957,222.9592170715332,907.6417636871338,382.16242694854736,0
image_1589,-147.87403464317322,228.12219047546387,-77.00475633144379,348.46406841278076,1
image_1590,-217.45962381362915,226.79956817626953,-123.08358907699585,376.9698848724365,0
image_1592,849.1823101043701,222.1594467163086,931.7974376678467,393.8773145675659,0
image_1593,834.6610450744629,225.57605171203613,928.0126476287842,389.4819321632385,0
image_1594,-218.28761100769043,222.46148490905762,-157.6145839691162,390.6817378997803,0
image_1596,-226.13935947418213,225.48115158081055,-146.10687732696533,371.5064253807068,0
image_1597,807.5704765319824,227.3482837677002,875.1958751678467,359.7335662841797,1
image_1599,873.3308601379395,218.27400588989258,941.8115615844727,419.4341423511505,0
image_1600,-190.49692153930664,223.81314659118652,-148.92784237861633,361.98269510269165,0
image_1601,-174.47255730628967,227.06644439697266,-104.66346502304077,354.55710315704346,0
image_1602,853.5892868041992,216.9541301727295,897.2034645080566,416.6256799697876,0
image_1605,-278.10258865356445,215.33790969848633,-201.65791511535645,440.50960326194763,1
image_1606,855.5402183532715,223.07943725585938,914.4466781616211,371.0900821685791,0
image_1607,-271.6335940361023,224.67723274230957,-157.61427283287048,416.8360152244568,0
image_1608,829.6466445922852,226.99220085144043,936.2883567810059,390.6482639312744,1
image_1609,873.151216506958,220.87527656555176,926.718578338623,392.4822726249695,0
image_1612,828.779411315918,225.95247650146484,885.6623268127441,361.7698850631714,0
image_1614,817.4430656433105,223.03294563293457,871.0990047454834,378.6684241294861,1
image_1616,-218.75609636306763,216.29915618896484,-128.36289525032043,438.14347290992737,1
image_1618,805.9023571014404,226.6506805419922,901.0287666320801,377.97057056427,1
image_1619,881.7669010162354,217.96432876586914,947.3954486846924,419.89749217033386,1
image_1620,-163.6078941822052,228.49212074279785,-100.4261326789856,350.1800813674927,0
image_1621,-237.56125688552856,222.38306427001953,-152.5057590007782,394.32012939453125,1
image_1622,-197.07316160202026,227.0021858215332,-122.64512300491333,358.6143627166748,0
image_1626,800.916109085083,227.91201972961426,892.2537803649902,370.073739528656,1
image_1628,835.5223560333252,224.09149551391602,865.9135437011719,358.9772834777832,0
image_1629,-155.85784435272217,225.5640926361084,-127.1627676486969,350.72826766967773,0
image_1630,-168.67446899414062,226.40288734436035,-110.25876760482788,354.6849479675293,0
image_1632,-288.51367950439453,222.97008895874023,-159.6044933795929,438.8248505592346,1
image_1633,-160.3579580783844,228.34884071350098,-92.53983736038208,353.8665237426758,1
image_1634,865.8501148223877,222.74486923217773,1001.107349395752,434.6050705909729,0
image_1635,-208.67594718933105,226.6473903656006,-115.80154180526733,374.3491234779358,1
image_1636,853.3347129821777,221.04567909240723,1005.3957939147949,455.6659063100815,1
image_1637,-252.48358726501465,217.1742000579834,-156.55452132225037,445.1601424217224,1
image_1638,850.138635635376,218.27818298339844,901.3406753540039,410.5649175643921,0
image_1639,788.2966804504395,220.53261184692383,940.6379127502441,454.42805433273315,1
image_1640,-278.23620557785034,216.10100173950195,-172.9199981689453,447.29808831214905,0
image_1641,-200.8318591117859,222.83736610412598,-121.6117537021637,396.77597427368164,1
image_1642,-215.05623579025269,224.92548370361328,-106.03764653205872,394.2809691429138,0
image_1644,-297.81562328338623,224.37044525146484,-174.9870800971985,412.66462230682373,0
image_1645,-217.0401692390442,219.26143074035645,-173.68418097496033,399.6578254699707,0
image_1646,840.2659606933594,225.34774208068848,885.8295249938965,357.9418935775757,0
image_1647,797.3989391326904,229.46466827392578,874.0493488311768,350.00683212280273,0
image_1649,798.585205078125,227.4570598602295,861.1314868927002,355.39031887054443,1
image_1650,-276.68659687042236,223.59805488586426,-152.50860214233398,421.5732934474945,1
image_1651,819.0338516235352,223.30211067199707,959.654130935669,441.03386068344116,1
image_1652,840.6088542938232,223.8139476776123,873.4143733978271,361.94209718704224,1
image_1654,-252.61359930038452,223.29736137390137,-140.24306416511536,421.4263262748718,1
image_1656,-153.9635717868805,225.80702209472656,-108.57266664505005,355.4346933364868,1
image_1657,817.3571491241455,221.59954452514648,862.6180744171143,381.96136140823364,1
image_1660,819.1612243652344,226.48276710510254,899.4867324829102,373.02230978012085,0
image_1661,-275.4815340042114,217.65199089050293,-182.63824224472046,430.94506764411926,0
image_1662,-167.70980715751648,226.5828456878662,-115.54744005203247,352.7352752685547,0
image_1663,-163.53545308113098,226.0811939239502,-106.28343343734741,354.6932592391968,1
image_1664,-180.84596872329712,223.4949722290039,-147.27129936218262,364.37885189056396,0
image_1666,-273.9962339401245,218.56050872802734,-187.49342679977417,417.09485912323,0
image_1667,-261.9468283653259,226.88668632507324,-153.39317321777344,394.9004020690918,0
image_1668,860.837516784668,220.5484619140625,952.1477222442627,410.31324768066406,1
image_1669,-225.36696910858154,218.1010570526123,-178.27571511268616,414.05966424942017,0
image_1670,847.5579643249512,221.12801933288574,962.9097747802734,432.7234079837799,1
image_1671,851.0318756103516,220.75565719604492,960.4011154174805,438.0992844104767,0
image_1672,-186.54579162597656,222.90877723693848,-116.55038237571716,383.2594361305237,1
image_1673,794.8247051239014,228.7311305999756,884.8259925842285,366.1908235549927,1
image_1675,834.5468044281006,223.7938632965088,878.4089469909668,364.5735445022583,0
image_1677,-170.4492437839508,229.09882926940918,-98.53885531425476,353.6489143371582,0
image_1678,-291.70108795166016,219.5091953277588,-160.27700901031494,439.0871670246124,0
image_1679,824.333381652832,223.04727935791016,934.0691184997559,406.43407249450684,1
image_1681,-321.0210871696472,222.46660614013672,-203.89562845230103,434.7997167110443,0
image_1682,862.2072887420654,215.7470359802246,910.1413249969482,426.2113764286041,0
image_1683,-146.93924188613892,224.2113437652588,-115.11028289794922,358.80658054351807,1
image_1685,823.0459213256836,221.9407501220703,957.1229839324951,439.053414106369,0
image_1688,-261.11167430877686,226.2415542602539,-161.25942707061768,396.25165605545044,0
image_1690,-264.5347309112549,221.5313949584961,-149.09700393676758,430.6898250579834,1
image_1693,822.9646396636963,224.11123657226562,905.390682220459,391.6786684989929,1
image_1696,849.5132732391357,223.84956741333008,920.8735942840576,389.46112537384033,0
image_1697,-238.74876737594604,226.73282051086426,-143.25318932533264,377.189754486084,0
image_1698,867.555742263794,222.20490837097168,995.2239990234375,434.6476104259491,1
image_1699,846.50954246521,221.1029281616211,985.1628398895264,441.9817283153534,0
image_1700,-242.58848905563354,215.54653549194336,-158.14926624298096,441.5305986404419,0
image_1701,-247.92501211166382,224.47304153442383,-144.9288296699524,407.2330632209778,0
image_1702,782.7509880065918,228.18304443359375,866.9009399414062,360.83661222457886,1
image_1703,-202.4315071105957,226.33370780944824,-104.29698944091797,387.93522024154663,1
image_1707,818.911714553833,222.89507293701172,857.2597503662109,369.1086449623108,1
image_1708,-265.5201530456543,219.6446075439453,-187.92524099349976,403.0911889076233,0
image_1709,-230.6173610687256,227.18254470825195,-134.6716010570526,381.748658657074,0
image_1710,868.498420715332,221.39706993103027,912.8369235992432,388.1974973678589,0
image_1711,828.3478546142578,221.29750633239746,900.0721836090088,393.05155897140503,0
image_1712,-183.80931615829468,227.09531211853027,-120.46435832977295,360.35173320770264,1
image_1713,-211.94324254989624,220.4960479736328,-170.381201505661,393.1033148765564,1
image_1714,822.551794052124,224.64135551452637,893.2984256744385,384.16746759414673,0
image_1715,896.8999671936035,218.12391662597656,965.0256729125977,419.55853605270386,1
image_1716,858.3678245544434,222.63137245178223,900.1291751861572,374.9901785850525,0
image_1717,818.22678565979,221.7866554260254,936.9664192199707,430.97142481803894,1
image_1723,-215.6504201889038,227.98746490478516,-128.1402611732483,369.4656934738159,0
image_1725,843.9255237579346,226.88036346435547,950.4063034057617,389.9904360771179,0
image_1726,-158.5110855102539,225.69269561767578,-111.57626867294312,357.1875991821289,1
image_1727,858.4507369995117,221.35881805419922,995.3046798706055,439.6181728839874,0
image_1728,872.9387855529785,220.48085594177246,997.8705883026123,447.31480741500854,0
image_1730,860.385103225708,214.23564338684082,916.5759658813477,443.84310269355774,0
image_1732,817.9783916473389,220.69998168945312,879.3491363525391,393.5796608924866,1
image_1734,-222.17848777770996,223.6415138244629,-91.47918462753296,423.9314308166504,1
image_1735,823.9746952056885,225.22517585754395,905.7445621490479,373.84482526779175,0
image_1736,-273.0893898010254,219.72388648986816,-141.47590398788452,453.5399624109268,1
image_1738,-201.42554998397827,224.06056785583496,-125.60073494911194,388.0694236755371,0
image_1739,-240.83117008209229,216.87734031677246,-163.58590006828308,433.4951868057251,1
image_1740,816.7630290985107,226.17589378356934,890.0887870788574,371.178738117218,1
image_1742,874.5065689086914,214.41929244995117,923.8375854492188,436.01377391815186,1
image_1743,-241.34072542190552,221.57010459899902,-171.370507478714,399.59444665908813,1
image_1744,818.5942268371582,222.36956024169922,947.8941249847412,430.6445243358612,0
image_1747,884.005880355835,218.5709228515625,1009.3120765686035,440.16759300231934,0
image_1748,-189.48776721954346,227.45932006835938,-95.86771845817566,371.6380181312561,0
image_1749,-209.7428011894226,221.83915519714355,-161.59389853477478,387.5568356513977,0
image_1750,853.0025482177734,220.0200309753418,925.7441425323486,402.45176458358765,0
image_1751,-242.3045825958252,222.76343727111816,-121.48533582687378,422.23447585105896,1
image_1752,869.4062519073486,218.51069831848145,927.3417091369629,411.678484916687,1
image_1754,-283.31392765045166,221.877779006958,-176.2638223171234,408.2661142349243,0
image_1756,801.5827560424805,225.9529628753662,906.5209865570068,392.47793102264404,1
image_1757,797.1457386016846,228.08711433410645,868.0670356750488,357.65424633026123,1
image_1758,864.0117073059082,218.46529388427734,928.5046291351318,416.3255515098572,0
image_1759,-199.53914165496826,224.51615715026855,-144.1022264957428,369.74482917785645,1
image_1761,840.9713172912598,225.57974243164062,890.9524154663086,354.16568660736084,0
image_1762,805.9868144989014,225.07500076293945,861.9839572906494,361.0792484283447,1
image_1764,-195.13879537582397,229.3232765197754,-111.10700011253357,359.30420541763306,0
image_1765,-174.52950596809387,222.1077766418457,-138.7123167514801,375.8057918548584,0
image_1766,792.1952819824219,228.11489486694336,883.0957317352295,367.61156463623047,1
image_1767,-234.2187738418579,225.75060272216797,-137.64196515083313,389.45239210128784,1
image_1768,841.0620403289795,219.15377044677734,899.6996784210205,405.51368856430054,1
image_1770,830.6205654144287,216.3070526123047,953.3299541473389,452.3128249645233,1
image_1772,822.2568798065186,226.0442008972168,893.8116073608398,376.2998905181885,1
image_1774,826.8485641479492,225.96824073791504,923.241662979126,379.70600986480713,0
image_1776,856.3852214813232,218.19049263000488,972.0011329650879,451.2315853834152,0
image_1778,801.5364074707031,227.27346801757812,869.8614120483398,362.5852265357971,0
image_1779,879.9678897857666,221.25773811340332,983.7308406829834,410.7576575279236,0
image_1780,871.743335723877,213.1960620880127,925.0045394897461,447.8296341896057,0
image_1781,-174.85399961471558,228.42726135253906,-103.95193934440613,348.5571804046631,0
image_1782,848.9641284942627,216.05159187316895,924.1394519805908,438.51915740966797,1
image_1783,815.6966686248779,225.75260543823242,881.4288997650146,369.92889308929443,0
image_1785,842.1339797973633,220.85873985290527,881.5270900726318,386.31329917907715,1
image_1787,840.5599308013916,218.52797889709473,957.6150512695312,450.00635945796967,0
image_1788,800.9483814239502,220.4166259765625,941.0165977478027,446.20016717910767,1
image_1790,-172.85531401634216,229.52812576293945,-94.31662917137146,355.5774440765381,1
image_1791,830.9517002105713,224.543794631958,874.8437118530273,359.3586149215698,0
image_1792,839.0697383880615,219.85992813110352,940.6089019775391,419.981924533844,0
image_1793,802.9399967193604,224.4170799255371,878.4667110443115,385.78184270858765,1
image_1794,820.8357810974121,226.23597526550293,886.2328433990479,367.3101487159729,1
image_1795,790.9925365447998,227.32980155944824,880.1032447814941,374.65465927124023,1
image_1796,839.1442394256592,225.47125244140625,905.1490688323975,371.32572317123413,0
image_1797,819.5052337646484,227.90798568725586,897.1753978729248,368.71396684646606,1
image_1798,836.9032859802246,222.57498168945312,945.5917167663574,402.5217237472534,0
image_1799,-204.6504020690918,226.26678848266602,-129.17078733444214,375.88000679016113,1
image_1800,883.5125255584717,220.25775337219238,953.710355758667,399.73320627212524,0
image_1802,-201.79661750793457,227.30013275146484,-106.79569244384766,376.34498739242554,0
image_1803,800.8014392852783,222.64398956298828,872.5098037719727,385.85335397720337,1
image_1804,-226.97951316833496,224.90325355529785,-121.8025553226471,402.89108180999756,1
image_1810,-229.14875507354736,221.22091674804688,-168.95488858222961,400.7588472366333,0
image_1811,834.838285446167,226.2002410888672,896.4216327667236,355.3167190551758,0
image_1815,825.3087615966797,226.0998477935791,931.3434791564941,397.41023445129395,0
image_1818,-176.9723117351532,229.20005226135254,-101.71539545059204,355.7395353317261,0
image_1821,825.2959728240967,222.8555908203125,954.9929237365723,426.76376485824585,0
image_1826,-227.86086559295654,226.01247215270996,-125.84832429885864,386.661235332489,0
image_1831,819.3985462188721,225.11193656921387,856.4231586456299,352.3588933944702,1
image_1832,823.4483814239502,216.868013381958,880.8195877075195,419.66824555397034,1
image_1840,-224.01052236557007,220.56116485595703,-143.7793743610382,413.07267570495605,1
image_1842,822.586727142334,223.52950477600098,917.7093601226807,403.9180030822754,1
image_1845,-273.7561011314392,217.56922149658203,-179.36926245689392,442.5056531429291,1
image_1846,813.8059902191162,218.91779327392578,911.076021194458,424.47393798828125,1
image_1847,-207.455735206604,215.44617080688477,-139.10199880599976,436.11920976638794,1
image_1850,-210.62614917755127,225.10661506652832,-114.63350415229797,394.21759033203125,1
image_1852,-302.6795196533203,218.03076171875,-215.78429460525513,424.19607186317444,0
image_1853,-236.6317105293274,213.31702613830566,-178.54819536209106,447.4682619571686,0
image_1856,-220.15642404556274,217.04253578186035,-173.90536665916443,417.64529848098755,1
image_1858,837.8660488128662,224.48937797546387,903.5458374023438,377.90310764312744,1
image_1859,-294.87499952316284,222.38326454162598,-187.40729570388794,420.3411831855774,1
image_1860,813.9389419555664,226.98848152160645,900.3811740875244,375.74211263656616,1
image_1861,846.082706451416,221.09646224975586,885.1616764068604,384.3118920326233,1
image_1863,-210.5462408065796,216.47319221496582,-162.88675546646118,421.76495337486267,0
image_1864,838.3364009857178,221.04161643981934,931.4696502685547,403.67788457870483,0
image_1865,827.2897338867188,226.33696937561035,895.2431774139404,367.31449031829834,1
image_1866,-213.53310585021973,221.293701171875,-119.73275899887085,405.03347301483154,1
image_1867,858.8960266113281,221.09835052490234,898.7290191650391,384.3942680358887,0
image_1868,-159.9146318435669,224.8462619781494,-128.81162881851196,353.7456169128418,0
image_1870,-189.28190231323242,229.04438400268555,-115.03633975982666,355.7442846298218,0
image_1871,-160.19470810890198,224.98791122436523,-121.1683738231659,355.59704208374023,0
image_1872,-189.37689542770386,226.98410415649414,-106.12297296524048,361.7060270309448,0
image_1873,821.585168838501,220.61063194274902,977.6718807220459,463.29230630397797,0
image_1875,-227.59798765182495,227.2032012939453,-126.55141711235046,383.8864507675171,1
image_1877,-160.81332206726074,228.3238353729248,-87.85108387470245,347.155837059021,0
image_1878,866.3017559051514,213.90159034729004,927.5572299957275,444.74631690979004,1
image_1879,-201.0491394996643,226.94522285461426,-106.80336356163025,376.45898485183716,0
image_1880,800.2476596832275,227.17004203796387,863.4802436828613,359.3498315811157,0
image_1882,811.6242599487305,226.0130157470703,883.9990997314453,377.1727385520935,1
image_1883,-162.51137495040894,227.32691192626953,-110.15835642814636,352.83801460266113,0
image_1884,-195.29994249343872,227.01860809326172,-100.22918343544006,386.77801513671875,0
image_1886,-247.74030447006226,220.839599609375,-153.17124724388123,403.4087266921997,1
image_1888,-210.59533596038818,221.76259422302246,-174.77845788002014,379.09867906570435,0
image_1892,-178.8811755180359,221.64406204223633,-128.4068727493286,383.3639135360718,1
image_1893,795.7157135009766,228.49326515197754,869.8051929473877,360.45225524902344,1
image_1894,-188.7340235710144,227.98797988891602,-94.5343279838562,379.45639276504517,1
image_1898,-208.98598909378052,220.2671661376953,-164.7026002407074,391.8649568557739,1
image_1901,860.0677871704102,219.76276779174805,898.2401275634766,394.98249197006226,0
image_1902,-190.16902685165405,229.4129981994629,-112.2812283039093,350.86795711517334,0
image_1903,800.8049583435059,228.4784164428711,888.9952182769775,364.99080324172974,1
image_1904,-157.62651443481445,222.33285331726074,-116.88310503959656,376.82461643218994,1
image_1907,871.0744571685791,220.07175827026367,908.3846282958984,390.6728615760803,1
image_1910,-293.3942699432373,222.4329891204834,-171.97547435760498,422.08114647865295,0
image_1911,780.6422138214111,226.11501121520996,867.3091506958008,372.1320095062256,1
image_1912,841.5990829467773,226.87841796875,938.3603954315186,378.7722291946411,0
image_1913,807.7662563323975,225.33166313171387,870.8407402038574,370.4047598838806,1
image_1915,-134.9173879623413,225.77583694458008,-107.5015640258789,347.58187198638916,1
image_1917,906.6041564941406,217.0569839477539,996.2211799621582,440.6725420951843,1
image_1920,-204.14889335632324,225.91259384155273,-121.27749681472778,369.8586263656616,0
image_1921,-232.7850580215454,216.16099739074707,-156.2498116493225,443.0835118293762,1
image_1924,850.8350658416748,222.93152236938477,897.0595264434814,378.2448425292969,0
image_1925,821.185884475708,228.14888381958008,896.2521171569824,363.0743684768677,0
image_1926,-258.05846214294434,218.67683792114258,-168.19296956062317,419.49575448036194,0
image_1929,-200.0798749923706,229.46518325805664,-114.72364783287048,362.0742335319519,1
image_1930,-151.36491894721985,225.2853717803955,-82.70581305027008,365.5929841995239,1
image_1931,878.0918025970459,219.49145698547363,932.5827884674072,403.92955446243286,1
image_1933,837.213134765625,223.86656188964844,954.9264049530029,416.907612323761,0
image_1934,843.8638973236084,220.67320251464844,905.4715347290039,398.487566947937,0
image_1936,-300.9586572647095,221.58844375610352,-159.5914900302887,444.2746021747589,1
image_1937,-329.8551678657532,222.41785430908203,-201.8230962753296,426.7380406856537,0
image_1938,-187.9924464225769,227.95630836486816,-120.0826370716095,348.668345451355,0
image_1941,-161.70997381210327,226.00417518615723,-111.9260823726654,352.52304458618164,1
image_1943,804.3435859680176,221.38350868225098,899.4088840484619,403.15842294692993,1
image_1947,-219.9209475517273,219.45414924621582,-136.29563570022583,415.47143602371216,1
image_1948,-245.989830493927,223.02667999267578,-128.5866343975067,420.3243854045868,0
image_1954,812.9013347625732,224.59094429016113,863.3089256286621,365.7562198638916,0
image_1955,-237.68187046051025,217.22063446044922,-165.2055037021637,423.216468334198,0
image_1957,865.1063060760498,212.14583778381348,927.8451061248779,451.0552533864975,0
image_1960,854.3063163757324,222.11530113220215,888.8260459899902,378.7966408729553,1
image_1962,821.7129707336426,225.73535346984863,918.1063270568848,382.20552825927734,1
image_1964,827.7844619750977,227.62022399902344,911.2830448150635,364.7296133041382,0
image_1965,830.7109451293945,221.4449920654297,922.034969329834,402.12899827957153,0
image_1967,813.5665225982666,222.74338150024414,850.6107044219971,370.35730266571045,1
image_1968,890.1179695129395,219.6900119781494,986.1553001403809,432.4811329841614,0
image_1971,917.1155834197998,215.45392417907715,981.4722919464111,441.2428834438324,1
image_1972,807.2867202758789,229.4872989654541,887.1008491516113,351.8921890258789,1
image_1973,-201.26856565475464,220.0474395751953,-159.2148756980896,393.7592759132385,1
image_1974,-260.36569833755493,218.72012519836426,-117.82518267631531,456.1293544769287,1
image_1975,-205.4711365699768,222.98917198181152,-146.88979268074036,378.1177701950073,1
image_1978,-160.9620237350464,223.7847080230713,-120.70999503135681,365.18555307388306,0
image_1979,-163.81028294563293,223.71744537353516,-123.3543312549591,366.43006229400635,0
image_1982,-286.09132289886475,216.67374992370605,-233.51543426513672,421.1667206287384,0
image_1984,-216.40459299087524,218.30367469787598,-169.48686718940735,406.72284984588623,1
image_1985,-170.06051659584045,222.96780014038086,-130.25600910186768,371.7723717689514,0
image_1986,-184.59651231765747,222.42288970947266,-151.41040921211243,373.5159721374512,1
image_1987,-157.26245284080505,224.6192111968994,-126.24348878860474,356.8247928619385,1
image_1988,-231.59351348876953,223.64048385620117,-139.1939127445221,398.76187467575073,0
image_1989,-155.65183997154236,228.7677230834961,-78.75704348087311,351.49951362609863,1
image_1990,847.0156002044678,220.83982849121094,1000.8520889282227,456.6952129602432,1
image_1991,-219.63489532470703,221.75761604309082,-97.93439269065857,420.505970954895,1
image_1993,832.4830055236816,227.33746910095215,916.2460327148438,360.8681049346924,0
image_1996,810.8892917633057,225.8911361694336,917.450065612793,393.2112112045288,0
image_1997,819.6574974060059,227.84839057922363,898.4328174591064,365.7615485191345,0
image_1998,827.7430057525635,227.2724666595459,931.0267639160156,389.63363790512085,0
image_1999,831.8273448944092,217.40579986572266,926.500997543335,432.8848555088043,1
image_2000,863.6016082763672,221.0970344543457,998.5594654083252,436.8277814388275,1
image_2002,822.456521987915,228.1854476928711,909.8595428466797,363.95561361312866,0
image_2004,-199.03613090515137,227.52294921875,-121.26544833183289,368.0580344200134,1
image_2007,-332.8625679016113,221.60043144226074,-196.00431203842163,437.3563446998596,0
image_2008,894.7833824157715,217.60721588134766,996.232852935791,436.51264691352844,0
image_2009,-164.43474411964417,228.95984077453613,-86.34590864181519,354.74467182159424,1
image_2020,802.4203777313232,226.8871726989746,905.0704479217529,392.92170429229736,1
image_2021,811.7773818969727,223.31158065795898,950.0772285461426,439.36993980407715,0
image_2022,810.2204990386963,224.6108570098877,840.3942775726318,354.02416610717773,1
image_2024,-188.12638521194458,221.9496192932129,-145.80957055091858,380.0893225669861,0
image_2027,834.3281078338623,216.357177734375,914.1370868682861,439.9539532661438,1
image_2030,-209.07574653625488,224.46274185180664,-97.71459102630615,399.98145723342896,1
image_2031,-168.73438954353333,229.62631607055664,-92.4908173084259,349.81252574920654,1
image_2033,-274.3135929107666,219.58781623840332,-148.1457531452179,436.53493428230286,0
image_2034,828.1881237030029,227.66585731506348,911.8539905548096,373.2817187309265,1
image_2035,-179.67427253723145,223.10161018371582,-113.93564701080322,374.1060438156128,1
image_2038,-217.07083225250244,222.97446632385254,-111.89044117927551,401.92316198349,1
image_2042,-233.82826566696167,222.51839065551758,-150.17528414726257,401.8013610839844,0
image_2044,780.9958362579346,228.99849319458008,858.2384777069092,353.58680152893066,1
image_2046,837.5647830963135,225.1081314086914,948.3504867553711,398.99853134155273,0
image_2049,-258.3601999282837,219.60976028442383,-196.79783821105957,411.16097593307495,1
image_2050,831.9792652130127,224.20782470703125,896.2994956970215,376.44935750961304,1
image_2052,-242.8926944732666,225.16277694702148,-127.47581362724304,409.3056740760803,1
image_2053,878.2345390319824,221.20898628234863,997.1884918212891,421.13454484939575,0
image_2054,-225.78706741333008,219.46324729919434,-158.27748656272888,409.3745102882385,1
image_2055,805.2861785888672,227.22503089904785,895.0382995605469,378.1932439804077,0
image_2057,-265.40318727493286,219.65113067626953,-157.4836814403534,440.4488637447357,1
image_2058,837.841329574585,219.18074989318848,945.2204990386963,445.2333130836487,1
image_2059,896.6873645782471,217.21039199829102,964.2415237426758,426.72809863090515,1
image_2060,871.496057510376,220.14903450012207,929.9383449554443,400.3815999031067,0
image_2062,798.5579109191895,225.64408683776855,908.0831050872803,392.60376596450806,0
image_2063,-245.27758598327637,226.5550079345703,-133.85098457336426,397.72323751449585,0
image_2065,916.442756652832,214.80713272094727,969.671688079834,433.144743680954,0
image_2066,894.8534202575684,219.00994682312012,937.3233032226562,399.3639054298401,0
image_2067,870.3971672058105,216.63360977172852,916.8780899047852,422.8016951084137,0
image_2068,-252.38065481185913,220.92574501037598,-175.60869812965393,394.02078771591187,0
image_2069,875.3695964813232,220.41579627990723,920.1407718658447,390.3750147819519,0
image_2070,854.6189975738525,222.48271369934082,978.3389568328857,419.239599943161,1
image_2074,785.7321453094482,229.42163848876953,868.7873268127441,356.681884765625,1
image_2077,-213.2594132423401,222.16099166870117,-151.00570678710938,385.4555287361145,1
image_2085,836.8251800537109,225.89122200012207,864.9227142333984,348.7709560394287,0
image_2087,-218.0967879295349,219.67201614379883,-161.00826501846313,399.84314823150635,1
image_2092,861.4336109161377,220.92940711975098,948.8038444519043,414.36522150039673,1
image_2093,-159.91207838058472,224.58462142944336,-127.65676617622375,356.1720504760742,1
image_2103,-153.07000994682312,229.2002239227295,-91.08762502670288,348.6407651901245,1
image_2105,-187.54417419433594,220.7894458770752,-145.91062545776367,387.027503490448,0
image_2106,863.6283016204834,215.5013313293457,947.6483917236328,452.25713872909546,1
image_2107,814.112663269043,221.8711986541748,858.4396648406982,381.5487732887268,1
image_2109,-232.8106141090393,225.6431427001953,-137.56476044654846,381.98938512802124,0
image_2110,815.6386470794678,224.63251495361328,861.5771198272705,361.26569414138794,1
image_2112,-278.76490116119385,224.25843620300293,-177.4316668510437,408.17458295822144,0
image_2113,-191.66100025177002,226.74271965026855,-103.8612699508667,366.58572340011597,1
image_2116,826.023473739624,228.2366600036621,908.5502815246582,364.81270456314087,0
image_2118,801.3782215118408,229.17696380615234,878.8076305389404,349.99252700805664,1
image_2119,818.2336521148682,226.11275100708008,870.7960224151611,352.84708404541016,1
image_2123,816.4379024505615,221.6642608642578,957.2024631500244,441.1666944026947,1
image_2126,-248.35957288742065,218.50878143310547,-139.72128868103027,446.8758227825165,0
image_2127,803.7226867675781,226.7059841156006,899.0952587127686,378.80945110321045,0
image_2130,-230.2811622619629,228.12118911743164,-133.15462946891785,376.54465103149414,0
image_2133,831.4532947540283,218.2332935333252,920.2876281738281,433.2161798477173,1
image_2135,-235.06439924240112,218.2086887359619,-133.9477801322937,430.9336521625519,1
image_2138,827.6937389373779,225.79466247558594,920.7042503356934,393.94474172592163,1
image_2139,826.5824890136719,217.6821460723877,914.4309711456299,436.30682849884033,1
image_2142,782.5522041320801,228.8072624206543,862.5172233581543,355.1440706253052,1
image_2146,818.038215637207,228.55632209777832,887.466230392456,356.5858688354492,0
image_2148,-180.0244402885437,225.64843559265137,-109.50342535972595,365.9172525405884,0
image_2149,-222.26140022277832,223.13594245910645,-120.55642247200012,399.76000690460205,0
image_2150,884.7263431549072,217.36769104003906,961.1990833282471,422.9619016647339,0
image_2154,-198.32388639450073,225.2516975402832,-135.86211562156677,373.92300271987915,0
image_2156,848.9221572875977,223.63919639587402,884.8092555999756,360.29728078842163,0
image_2157,-185.7271385192871,225.50461196899414,-128.6370813846588,365.1335253715515,1
image_2158,791.6291427612305,229.00432968139648,861.2150001525879,349.9740877151489,0
image_2161,793.9960098266602,227.4192657470703,894.4203186035156,380.2135982513428,0
image_2162,832.0330810546875,222.8017177581787,944.4328308105469,407.87545585632324,1
image_2164,876.7882919311523,218.6881103515625,973.1664562225342,422.97494077682495,0
image_2169,870.5905437469482,219.37841796875,931.5665531158447,405.0794925689697,0
image_2172,-279.14459466934204,218.08915519714355,-179.17596101760864,444.0172746181488,0
image_2175,850.9711074829102,223.13256645202637,930.7583713531494,383.74443674087524,0
image_2176,-236.28804445266724,223.1954517364502,-141.88539147377014,394.7754611968994,1
image_2179,-265.8919286727905,224.04846572875977,-146.98756456375122,408.4370102882385,0
image_2181,-204.78991985321045,226.39636421203613,-100.95429182052612,385.8803119659424,1
image_2183,-163.26424956321716,225.1638069152832,-121.04179501533508,356.72706031799316,1
image_2184,834.8935604095459,223.59439277648926,868.5877704620361,365.1669063568115,1
image_2188,-177.0319640636444,224.39496421813965,-119.41872596740723,371.5303363800049,0
image_2194,802.4673271179199,229.2071475982666,877.9013442993164,349.2018690109253,0
image_2201,-163.9887034893036,227.34650993347168,-117.90653944015503,346.0780324935913,1
image_2202,-183.66703033447266,225.1920166015625,-135.46318531036377,360.7248821258545,0
image_2206,-146.5471887588501,225.6175079345703,-113.57023358345032,348.30485248565674,0
image_2207,-261.59374237060547,223.52441215515137,-141.43549919128418,412.8139820098877,1
image_2208,853.3689594268799,215.249418258667,926.5878582000732,437.6042881011963,1
image_2212,-221.66706562042236,224.0655460357666,-117.89156198501587,396.9042339324951,1
image_2214,-225.33785104751587,226.64907836914062,-139.96193647384644,368.75691080093384,0
image_2216,907.7908515930176,217.201322555542,984.6523189544678,421.02884435653687,0
image_2217,-243.43995094299316,212.8265609741211,-187.89271116256714,449.85926353931427,0
image_2220,870.3507328033447,217.32843780517578,924.1653728485107,422.2752311229706,1
image_2222,812.287130355835,224.4943561553955,853.2199573516846,355.0614585876465,1
image_2223,-203.30719470977783,226.39665031433105,-103.46638441085815,391.02831506729126,0
image_2225,868.469066619873,217.28609466552734,941.6474533081055,435.55235171318054,0
image_2226,-221.89552545547485,224.94937324523926,-113.16107869148254,397.2255482673645,1
image_2228,-233.4993839263916,221.86089897155762,-99.46334838867188,429.6797444820404,1
image_2229,-286.45455837249756,216.5461196899414,-167.08151578903198,449.36673843860626,0
image_2230,-258.4818434715271,225.19659423828125,-156.508709192276,398.6980023384094,1
image_2233,859.2357444763184,223.93216514587402,922.0674133300781,378.9756693840027,0
image_2234,835.588788986206,224.2021312713623,920.6990146636963,383.0297245979309,0
image_2236,-155.2563750743866,227.99690628051758,-78.34641873836517,355.32198333740234,1
image_2237,816.522274017334,222.13899040222168,927.2202587127686,411.9255700111389,1
image_2238,828.8749408721924,224.11727333068848,892.1949863433838,377.6180353164673,0
image_2239,-261.1358141899109,225.37998580932617,-150.36884307861328,396.4632501602173,0
image_2240,-245.81604480743408,216.86463737487793,-192.67133474349976,422.11203479766846,1
image_2244,800.0974559783936,219.2088737487793,956.4597702026367,459.0892025232315,1
image_2245,860.3390979766846,224.003662109375,988.8523578643799,430.2715148925781,1
image_2248,878.5857582092285,216.55693435668945,985.440502166748,442.4121584892273,0
image_2250,-225.4474139213562,226.79029846191406,-128.47044110298157,377.17537784576416,0
image_2257,859.0264892578125,222.1059455871582,896.2219905853271,379.7757043838501,0
image_2260,-191.68908834457397,221.6463222503662,-127.77757287025452,393.26456212997437,1
image_2265,-207.3881435394287,220.34910583496094,-169.54437375068665,389.66635370254517,0
image_2267,842.2958564758301,224.4995346069336,882.2834300994873,358.42944049835205,0
image_2268,833.5072231292725,219.24429321289062,908.3788776397705,414.5068850517273,0
image_2270,-165.25935173034668,224.88909149169922,-130.44626355171204,355.12141132354736,0
image_2271,-272.88442611694336,220.74927711486816,-131.3994026184082,443.6643531322479,0
image_2278,-171.07682704925537,225.16171836853027,-126.47384762763977,355.51350021362305,1
image_2279,-275.08460998535156,226.2397804260254,-162.1133029460907,403.5921039581299,0
image_2281,-148.30007672309875,228.85692977905273,-91.2619149684906,347.34861278533936,0
image_2282,818.3198261260986,228.84359741210938,905.7636165618896,368.5244240760803,1
image_2284,797.6081943511963,228.3377685546875,879.1946411132812,362.13331365585327,0
image_2288,841.9394874572754,222.82197380065918,881.4202308654785,368.6879029273987,0
image_2292,-189.9311900138855,220.5957260131836,-146.16364359855652,389.2813386917114,0
image_2295,-173.08210015296936,221.90664672851562,-136.97535037994385,374.2327513694763,0
image_2298,830.4863262176514,222.95647048950195,961.5188026428223,439.5844485759735,0
image_2317,850.8796119689941,223.18944358825684,928.58642578125,390.9115138053894,1
image_2318,801.7104721069336,229.02338409423828,874.9074840545654,352.666296005249,0
image_2323,817.0968246459961,222.81476402282715,937.0992851257324,419.52799820899963,0
image_2325,818.5065937042236,223.8502540588379,929.8029899597168,410.4772343635559,1
image_2329,-195.418860912323,218.2251968383789,-138.57269167900085,404.50352573394775,0
image_2330,864.3655014038086,223.56229209899902,992.4120140075684,420.09315037727356,0
image_2332,807.9388618469238,223.77523803710938,928.2938289642334,417.7657117843628,1
image_2338,-235.66238164901733,224.15352249145508,-131.46674752235413,395.1221385002136,1
image_2341,-282.9106307029724,218.96334075927734,-209.3108582496643,419.2244508266449,0
image_2344,-245.80381393432617,221.5584602355957,-132.1092975139618,434.30637979507446,1
image_2349,855.6704235076904,222.98825645446777,891.8582725524902,368.87157344818115,0
image_2351,-261.2155508995056,214.41791915893555,-189.7063136100769,445.27819180488586,0
image_2357,803.7015724182129,227.81786346435547,868.6532592773438,355.75877571105957,1
image_2359,-158.8249146938324,224.27145385742188,-105.89798927307129,363.0268397331238,1
image_2366,837.5566291809082,221.63221740722656,872.5605297088623,379.89675426483154,1
image_2367,836.0206031799316,220.17727279663086,981.8452262878418,452.48021626472473,1
image_2368,-284.099063873291,221.64251708984375,-153.22118997573853,446.69503116607666,0
image_2370,-250.43452978134155,221.27350234985352,-157.41528511047363,405.2166714668274,0
image_2379,828.9760494232178,227.30322265625,893.532657623291,357.9792728424072,1
image_2383,832.0955657958984,225.65404319763184,935.5015468597412,391.18475580215454,1
image_2389,-221.18139266967773,218.75834846496582,-178.2838261127472,407.7070560455322,0
image_2390,842.1859073638916,223.66923713684082,921.0988140106201,392.8060688972473,1
image_2391,856.9632053375244,215.45895957946777,921.8028831481934,434.45936584472656,1
image_2395,840.3164291381836,219.8951187133789,927.9388332366943,420.2816596031189,0
image_2401,824.8228740692139,227.20637702941895,881.3808345794678,348.19899463653564,0
image_2403,825.3030109405518,218.6247673034668,911.8355369567871,433.95322942733765,1
image_2404,806.4382839202881,224.90093612670898,873.8727951049805,377.95684480667114,0
image_2405,-131.21004939079285,224.948486328125,-102.8884220123291,353.0000915527344,1
image_2406,791.7540264129639,229.25175094604492,868.0384540557861,349.54842472076416,1
image_2411,806.782808303833,224.85164070129395,912.0846176147461,392.29219341278076,0
image_2419,-174.3743133544922,225.22305870056152,-125.73316097259521,357.1133270263672,0
image_2423,871.0120582580566,219.6966781616211,963.5788249969482,414.33478021621704,0
image_2430,-270.8530068397522,221.29865074157715,-138.80673050880432,431.95162558555603,1
image_2433,-259.11340713500977,226.04182624816895,-149.448823928833,403.89997148513794,0
image_2434,-183.35651636123657,219.94487190246582,-135.17722964286804,396.33872413635254,0
image_2438,-293.9115500450134,218.78827476501465,-201.43424034118652,421.40893483161926,0
image_2443,-240.964937210083,218.04160499572754,-169.2170262336731,421.46384143829346,1
image_2444,-144.4819414615631,225.4853000640869,-89.61458802223206,358.28404331207275,1
image_2446,802.6315212249756,226.29568481445312,860.6915187835693,359.95815658569336,0
image_2454,819.040117263794,224.5580997467041,906.3912105560303,381.51500606536865,0
image_2456,-287.46999979019165,223.06258583068848,-147.07643151283264,437.4966492652893,1
image_2457,805.3986167907715,224.42491912841797,878.6873817443848,371.95539140701294,1
image_2462,-238.5058879852295,214.1052951812744,-183.23555946350098,442.15696597099304,1
image_2467,-193.26277256011963,222.2835292816162,-150.69637298583984,375.69196605682373,1
image_2469,843.8707637786865,222.1201934814453,907.1789646148682,385.1077070236206,0
image_2479,842.9808712005615,224.03862380981445,955.6376838684082,415.6306805610657,1
image_2489,-188.5968017578125,218.07413482666016,-147.01110363006592,408.52965021133423,0
image_2496,858.8225555419922,220.7824935913086,981.9323444366455,443.2473554611206,0
image_2498,-173.21994423866272,224.38186073303223,-134.2776596546173,359.5073380470276,1
image_2502,848.8354682922363,222.86995315551758,881.0491847991943,368.3521046638489,0
image_2509,828.7613868713379,221.01483726501465,952.9183101654053,442.451007604599,0
image_2517,-180.92029809951782,220.49653434753418,-130.18089652061462,391.4942970275879,1
image_2521,900.8338451385498,220.18036270141602,1032.35933303833,439.3925025463104,0
image_2529,-204.49185132980347,226.2800350189209,-110.80839514732361,383.3728756904602,1
image_2533,831.8653678894043,225.17765426635742,942.5057601928711,401.5703477859497,1
image_2537,-176.544349193573,225.34233474731445,-113.83708119392395,363.7467803955078,1
image_2539,-184.05659437179565,229.30960083007812,-96.96027874946594,363.93491411209106,1
image_2547,-218.3500099182129,221.01266288757324,-144.84480142593384,403.26992416381836,1
image_2551,-191.64563655853271,223.90684509277344,-117.23798274993896,389.7587432861328,0
image_2555,-193.58697652816772,221.8491973876953,-143.0385160446167,377.5492134094238,1
image_2563,871.7172431945801,220.64605140686035,967.9177379608154,424.53123712539673,0
image_2570,-186.37389421463013,222.86823654174805,-117.65635371208191,389.0851011276245,1
image_2571,819.3122863769531,222.9921760559082,851.1664581298828,367.65322828292847,1
image_2580,-206.61388635635376,221.99216270446777,-142.0647668838501,387.70035886764526,1
image_2584,-133.5522186756134,225.6604518890381,-98.20210933685303,349.62140941619873,1
image_2592,834.66628074646,218.142484664917,914.5010948181152,420.80366039276123,0
image_2599,-300.8246111869812,222.74775886535645,-178.54322791099548,418.5420432090759,0
image_2600,826.2744426727295,224.62687873840332,927.425479888916,392.63495111465454,0
image_2602,-271.4544868469238,225.79237365722656,-152.70060539245605,410.28788471221924,0
image_2603,858.8180065155029,221.12716102600098,980.1987361907959,425.3668739795685,1
image_2605,835.3588485717773,220.82157516479492,908.6149978637695,394.17146348953247,0
image_2606,-211.88957691192627,225.05194091796875,-101.83117032051086,403.8523783683777,1
image_2612,841.488447189331,221.5764274597168,878.4023380279541,379.4695677757263,0
image_2613,814.0736103057861,225.7311191558838,908.6555099487305,392.4956622123718,1
image_2619,817.833423614502,226.3002052307129,867.7138423919678,350.29096031188965,0
image_2623,-174.51334834098816,227.37858200073242,-85.24562358856201,370.12545251846313,1
image_2625,841.5222644805908,218.80549812316895,978.5339641571045,460.5796399116516,0
image_2628,799.3666934967041,219.96023559570312,928.1971836090088,436.3532807826996,1
image_2632,-203.24207067489624,223.60437774658203,-152.17833638191223,369.2202033996582,0
image_2634,-269.3118095397949,222.3491611480713,-145.5989420413971,425.1765122413635,0
image_2635,-167.96249270439148,227.83079528808594,-104.28624987602234,347.40025424957275,0
image_2638,-155.44199466705322,225.55147552490234,-116.36772394180298,350.7452907562256,1
image_2642,860.0734519958496,215.3082981109619,977.4382495880127,458.2307597398758,0
image_2645,818.9816665649414,224.84002494812012,860.1004886627197,356.584753036499,0
image_2648,877.9987621307373,213.5292854309082,931.7975234985352,447.0308508872986,0
image_2669,809.8964881896973,217.39487075805664,918.7186431884766,431.62417793273926,1
image_2672,818.5107135772705,223.3166160583496,942.5197505950928,419.01381516456604,0
image_2684,865.2274131774902,213.2839527130127,920.7653617858887,446.55948662757874,1
image_2689,875.8548831939697,215.61219596862793,961.0138607025146,447.37899804115295,0
image_2711,-252.3954176902771,221.6969337463379,-171.0128939151764,406.15046644210815,0
image_2740,862.8914451599121,216.45182037353516,952.2676277160645,434.4004108905792,0
image_2749,803.14453125,224.32426834106445,837.3017978668213,357.4365653991699,1
image_2766,-328.329656124115,220.1350440979004,-183.67252349853516,448.24054861068726,0
image_2792,814.5005321502686,229.1661777496338,890.3983783721924,348.61002349853516,0
image_2872,-329.4868469238281,221.91903495788574,-194.92685794830322,437.32244873046875,0
image_2922,826.0806369781494,221.2999095916748,909.3033599853516,406.716748714447,1
image_2943,905.7900524139404,219.48882484436035,1034.3625354766846,439.5433392524719,0
image_2976,-253.08875799179077,217.84273529052734,-159.6544361114502,426.63678908348083,0
image_2977,804.0924453735352,227.71787071228027,888.4376621246338,359.8063864707947,1
image_2978,-319.4303226470947,221.39964485168457,-191.996169090271,431.3212707042694,0
image_2980,-273.1336569786072,221.7906894683838,-178.63685846328735,415.84337615966797,0
image_2981,-331.33147716522217,221.37003326416016,-186.48476600646973,448.9964702129364,0
image_2983,-218.75025987625122,226.25794792175293,-125.57937383651733,384.31526803970337,0
image_2984,829.3612575531006,224.6987762451172,857.4792194366455,354.8443784713745,0
image_2986,850.8204746246338,224.79808235168457,960.5867671966553,399.57318925857544,0
image_2987,-184.29917335510254,223.08867835998535,-131.10626935958862,377.6046600341797,1
image_2988,-253.7641167640686,222.18768501281738,-144.6219527721405,420.1868345737457,1
image_2989,-209.54676389694214,226.99134254455566,-113.0556571483612,376.02730655670166,0
image_2994,817.2484016418457,225.24242782592773,871.8158626556396,363.6104383468628,0
image_2996,-192.75113582611084,227.02536010742188,-127.39043354988098,362.44181776046753,1
image_2999,855.9952926635742,220.27220153808594,893.7259483337402,390.66970014572144,0
