id,xmin,ymin,xmax,ymax,direction,split,image_path
image_0,-228.87714385986328,223.6187400817871,-110.61487913131714,416.3587894439697,1,val,data\train_data\image_0.png
image_2,871.8668460845947,218.14234161376956,945.3596305847168,423.0768539905548,0,train,data\train_data\image_2.png
image_3,-224.5899653434753,220.84014320373532,-146.4019739627838,409.7472944259644,0,val,data\train_data\image_3.png
image_4,898.9811897277832,215.7680931091309,956.2790966033936,429.13394355773926,1,train,data\train_data\image_4.png
image_5,-166.9759225845337,223.75564002990723,-118.48630428314208,369.3323769569397,1,val,data\train_data\image_5.png
image_7,818.7552452087402,224.82557678222656,882.4551773071289,365.5906453132629,1,val,data\train_data\image_7.png
image_9,-293.9501953125,223.9131965637207,-177.6994800567627,407.1625890731812,0,train,data\train_data\image_9.png
image_10,-307.3855948448181,215.6910743713379,-243.78775835037231,438.10311102867126,0,train,data\train_data\image_10.png
image_11,852.6660060882568,222.4197998046875,913.0372524261476,386.7249503135681,0,val,data\train_data\image_11.png
image_12,-246.37405157089236,220.733512878418,-129.44802045822144,440.0395050048828,1,val,data\train_data\image_12.png
image_13,838.6223888397217,225.4016151428223,887.019739151001,358.805965423584,0,train,data\train_data\image_13.png
image_14,818.8780689239502,225.51774406433103,917.5978660583496,383.8893475532532,1,val,data\train_data\image_14.png
image_15,836.266508102417,219.19926071166992,959.2206001281738,447.5068893432617,1,train,data\train_data\image_15.png
image_16,821.3584899902344,223.66111183166504,859.4090366363525,365.9085478782654,0,train,data\train_data\image_16.png
image_17,793.7331962585449,227.98311614990237,877.3952865600586,361.3868012428284,1,train,data\train_data\image_17.png
image_18,-171.52729868888855,229.0566864013672,-89.55160439014435,354.8977937698364,1,train,data\train_data\image_18.png
image_19,825.699634552002,213.0535831451416,920.0780296325684,457.7654322385788,1,val,data\train_data\image_19.png
image_20,831.2208652496338,224.06139755249023,862.7770328521729,360.4335870742798,1,train,data\train_data\image_20.png
image_21,-159.4058918952942,225.25507354736328,-93.22484135627748,364.011088848114,1,train,data\train_data\image_21.png
image_23,-219.90354537963867,222.09063911437988,-99.15162205696106,421.4453806877136,1,val,data\train_data\image_23.png
image_25,846.7417144775391,223.42258834838867,924.68825340271,382.12145709991455,0,train,data\train_data\image_25.png
image_26,812.1646499633789,227.68757247924805,910.4415607452391,378.3703198432922,1,train,data\train_data\image_26.png
image_27,-224.66935873031616,222.0821704864502,-94.17949318885805,429.62090396881104,1,val,data\train_data\image_27.png
image_28,-310.0749707221985,222.2814979553223,-163.13591122627258,454.1454925537109,1,train,data\train_data\image_28.png
image_29,822.5320529937744,226.30835914611816,905.1767063140868,367.3930826187134,0,train,data\train_data\image_29.png
image_30,873.2790184020996,220.42807006835935,997.3162078857422,452.0661994218826,0,train,data\train_data\image_30.png
image_31,-171.27361536026,227.50378036499023,-83.33891093730927,367.8344955444336,1,train,data\train_data\image_31.png
image_32,-271.7014217376709,220.83716773986816,-151.10130071640015,443.9450194835663,1,train,data\train_data\image_32.png
image_33,-189.0041971206665,227.5010051727295,-113.71816277503969,356.7970552444458,0,train,data\train_data\image_33.png
image_34,822.3130989074707,225.47565841674805,885.0076103210449,363.1540479660034,1,train,data\train_data\image_34.png
image_35,885.5064582824707,217.65519523620603,941.5002536773682,410.7355918884277,0,train,data\train_data\image_35.png
image_37,-251.9421029090881,221.7829074859619,-105.6473422050476,448.9063444137573,1,train,data\train_data\image_37.png
image_40,884.252986907959,214.2437400817871,939.8289585113524,440.8452978134155,1,train,data\train_data\image_40.png
image_41,804.4773960113525,228.32323455810547,883.676290512085,352.70049953460693,1,train,data\train_data\image_41.png
image_42,-237.93631553649905,217.65442276000977,-169.54928755760193,424.1332294940949,1,train,data\train_data\image_42.png
image_43,-185.44816732406616,226.9962062835693,-102.17316269874571,365.6912031173706,1,train,data\train_data\image_43.png
image_45,813.759126663208,227.46864700317383,862.1895217895508,345.6696357727051,0,train,data\train_data\image_45.png
image_46,844.9871635437012,223.85177040100095,958.1408500671388,420.9076192378998,1,val,data\train_data\image_46.png
image_47,824.9702453613281,223.4641876220703,926.7917060852052,399.27584314346313,0,val,data\train_data\image_47.png
image_52,-187.92927503585813,227.51799964904785,-95.31020522117616,375.0593509674072,1,val,data\train_data\image_52.png
image_53,-272.4267554283142,223.8524570465088,-163.7584090232849,410.3942289352417,1,train,data\train_data\image_53.png
image_54,-192.1303653717041,223.842472076416,-96.8377447128296,391.7009630203247,1,val,data\train_data\image_54.png
image_55,-212.5350880622864,223.93617057800293,-134.8171591758728,380.8338322639465,0,val,data\train_data\image_55.png
image_56,-199.9834442138672,225.99009895324707,-112.92717933654784,373.11271810531616,0,train,data\train_data\image_56.png
image_57,812.0327281951904,220.9802761077881,925.397129058838,419.4025602340698,1,train,data\train_data\image_57.png
image_58,-306.4489245414734,221.5422096252441,-159.38936948776245,449.3810489177704,1,train,data\train_data\image_58.png
image_59,819.3152046203613,221.4899387359619,878.0704307556152,391.0581698417664,1,train,data\train_data\image_59.png
image_60,807.258996963501,227.0856704711914,869.5821189880371,350.3280963897705,0,train,data\train_data\image_60.png
image_61,824.3944072723389,221.19322204589844,966.2912464141846,443.7999656200409,1,train,data\train_data\image_61.png
image_62,-261.99201822280884,216.3275089263916,-165.9980535507202,439.772020816803,1,train,data\train_data\image_62.png
image_63,808.6797523498535,224.1748943328857,928.101568222046,413.3916654586792,0,train,data\train_data\image_63.png
image_65,-191.71518087387085,228.09778594970703,-101.5165364742279,365.55961751937866,0,train,data\train_data\image_65.png
image_66,-202.4925112724304,219.9841823577881,-155.0467014312744,396.28543758392334,0,train,data\train_data\image_66.png
image_67,840.5161571502686,224.98467826843265,880.0938034057617,356.0771360397339,0,val,data\train_data\image_67.png
image_68,-147.7303647994995,224.64318656921387,-116.34468913078308,356.3799180984497,1,val,data\train_data\image_68.png
image_69,833.8525199890137,220.06377601623532,974.6392250061036,457.5996305942536,1,train,data\train_data\image_69.png
image_71,839.0378093719482,216.6387882232666,952.9830265045166,446.41050958633423,1,train,data\train_data\image_71.png
image_72,805.4179286956787,227.6847972869873,892.593412399292,365.0167455673218,0,val,data\train_data\image_72.png
image_74,-192.940092086792,226.9743766784668,-104.54677820205688,366.54846572875977,0,train,data\train_data\image_74.png
image_75,796.0147476196289,229.52749633789065,874.3556785583496,355.0411310195923,1,train,data\train_data\image_75.png
image_76,809.6816539764404,227.0318546295166,901.5550804138184,373.3995714187622,1,train,data\train_data\image_76.png
image_79,-347.5829601287842,221.8880500793457,-209.22794580459595,448.778356552124,1,val,data\train_data\image_79.png
image_81,841.0382652282715,217.5836124420166,945.075616836548,432.6009168624878,1,val,data\train_data\image_81.png
image_84,838.883056640625,225.07531547546387,912.3162746429444,367.8354468345642,0,train,data\train_data\image_84.png
image_85,834.1761875152588,224.477876663208,899.5343685150146,376.5383496284485,1,train,data\train_data\image_85.png
image_86,-204.0091609954834,221.55024909973145,-146.64552927017212,389.508725643158,0,train,data\train_data\image_86.png
image_87,-257.6904845237732,214.98583221435547,-189.00649309158325,437.9296758174896,1,val,data\train_data\image_87.png
image_88,830.0049018859863,228.02603149414065,905.9757900238036,354.5559158325196,0,train,data\train_data\image_88.png
image_89,-205.10058403015137,223.53248023986816,-156.6998326778412,369.3482413291931,0,train,data\train_data\image_89.png
image_90,817.3545742034912,227.91053199768064,879.9134731292725,354.7395362854004,1,train,data\train_data\image_90.png
image_91,848.4028816223145,219.95328330993647,989.6212291717528,451.44436502456665,0,val,data\train_data\image_91.png
image_92,-201.22747421264648,219.59548377990723,-148.43418717384338,397.87138843536377,0,train,data\train_data\image_92.png
image_93,891.3702392578125,218.61320877075195,948.2797622680664,410.49834156036377,0,train,data\train_data\image_93.png
image_94,-171.71329379081726,227.0930233001709,-96.86216354370116,354.4255247116089,1,train,data\train_data\image_94.png
image_95,800.7951736450195,228.94473457336423,870.7960224151611,350.635684967041,0,train,data\train_data\image_95.png
image_97,-136.97967410087583,224.95598220825195,-103.94346356391908,352.298397064209,1,train,data\train_data\image_97.png
image_98,-210.5094408988953,224.40861129760745,-115.63159704208374,396.3527431488037,0,train,data\train_data\image_98.png
image_99,-183.8292932510376,225.1452388763428,-115.65032958984376,362.8245868682861,1,train,data\train_data\image_99.png
image_100,-253.668909072876,215.60472869873047,-174.38595414161682,434.1968097686768,1,train,data\train_data\image_100.png
image_101,-194.96779918670651,225.05274200439453,-119.16980624198914,385.9528102874756,0,val,data\train_data\image_101.png
image_102,826.4478206634521,225.67387008666992,922.7647876739502,383.902765750885,1,train,data\train_data\image_102.png
image_103,805.3287506103516,225.29518508911133,889.2548561096191,374.97047328948975,1,train,data\train_data\image_103.png
image_104,-195.800142288208,226.94050216674805,-87.57884502410889,394.2188992500305,1,train,data\train_data\image_104.png
image_105,830.334062576294,224.86474418640137,946.5210056304932,412.5771894454956,0,train,data\train_data\image_105.png
image_106,-286.09649419784546,223.65238571166992,-163.1025767326355,415.2265539169312,1,train,data\train_data\image_106.png
image_107,797.0186233520508,220.37579917907715,907.4934482574464,418.04693603515625,1,train,data\train_data\image_107.png
image_108,837.4812698364258,225.4864444732666,925.4880237579346,372.4650683403015,0,val,data\train_data\image_108.png
image_110,872.4239730834961,218.25360679626465,917.7478981018066,406.8137373924256,0,val,data\train_data\image_110.png
image_111,833.1102561950684,222.26979637146,876.4118385314941,375.17875576019287,0,train,data\train_data\image_111.png
image_112,799.5810127258301,228.1429901123047,857.1382141113281,349.7554340362549,1,train,data\train_data\image_112.png
image_113,-186.1466360092163,224.5556964874268,-135.7155168056488,366.3509693145752,0,train,data\train_data\image_113.png
image_115,-279.83561754226685,215.6343116760254,-232.0295763015747,428.3585097789765,0,train,data\train_data\image_115.png
image_116,832.3806095123291,227.20380210876465,890.3716850280762,355.15302562713623,0,train,data\train_data\image_116.png
image_117,804.6523189544678,227.89376640319824,889.4717502593994,361.9541063308716,1,train,data\train_data\image_117.png
image_118,-270.07563829422,221.34703063964844,-156.16093397140503,433.5977544784546,0,val,data\train_data\image_118.png
image_119,-178.23749899864197,227.25544357299805,-118.91665935516356,347.2366180419922,0,train,data\train_data\image_119.png
image_120,-180.7997488975525,229.2584457397461,-102.27447509765624,350.90895557403564,1,train,data\train_data\image_120.png
image_121,824.108419418335,221.3990154266357,905.5893802642822,398.639036655426,0,train,data\train_data\image_121.png
image_122,-264.00545597076416,218.43124771118164,-142.77733325958252,436.3929452896118,0,train,data\train_data\image_122.png
image_123,819.3085956573486,225.5450954437256,858.3799266815186,350.7297983169556,0,train,data\train_data\image_123.png
image_124,-240.48778295516968,218.73875045776367,-153.52700471878052,413.0217852592468,1,train,data\train_data\image_124.png
image_125,824.042158126831,223.73069190979004,924.2918014526368,395.0870838165283,0,train,data\train_data\image_125.png
image_126,-252.88765668869016,220.96783065795896,-114.1784405708313,442.77607345581055,1,train,data\train_data\image_126.png
image_127,834.1172218322754,222.817138671875,914.3347549438477,383.6462893486023,0,train,data\train_data\image_127.png
image_128,-251.60255670547485,225.14973068237305,-145.03257751464844,390.6073369979858,0,val,data\train_data\image_128.png
image_130,843.6890602111816,224.0729274749756,913.7499046325684,374.4581069946289,0,train,data\train_data\image_130.png
image_132,819.3251609802246,224.4482078552246,858.1046676635742,358.2509412765503,1,train,data\train_data\image_132.png
image_133,-193.4307217597961,228.6614933013916,-109.37205076217651,360.0552954673767,0,train,data\train_data\image_133.png
image_134,813.2795906066895,224.41665077209475,919.3812561035156,396.3532009124756,1,train,data\train_data\image_134.png
image_135,851.0604572296143,224.5610752105713,894.285306930542,364.9518361091614,0,train,data\train_data\image_135.png
image_136,847.8905582427979,224.6271076202393,928.3951091766356,374.5409908294678,0,train,data\train_data\image_136.png
image_137,-154.6054244041443,225.31569862365723,-126.3863968849182,349.65258026123047,0,val,data\train_data\image_137.png
image_140,820.6197452545166,222.49799156188965,854.2416858673096,371.791748046875,1,train,data\train_data\image_140.png
image_141,-222.05999851226807,225.2313270568848,-108.8668727874756,407.4433197975159,1,train,data\train_data\image_141.png
image_142,862.538423538208,221.3141288757324,949.4304084777832,411.6638293266296,1,train,data\train_data\image_142.png
image_143,-185.9190130233765,221.3756694793701,-149.6983766555786,383.9992966651917,0,train,data\train_data\image_143.png
image_144,849.1354465484619,222.42283248901367,934.5641899108888,403.36529636383057,0,train,data\train_data\image_144.png
image_145,829.4961833953857,217.95371437072757,948.3794975280762,456.0563536882401,0,train,data\train_data\image_145.png
image_146,-243.42323541641235,216.0505332946777,-176.71704053878784,433.9871683120728,0,train,data\train_data\image_146.png
image_147,-203.2057857513428,220.82881355285645,-146.39134168624878,388.5131325721741,1,train,data\train_data\image_147.png
image_148,-233.46303462982175,216.62986183166504,-180.26139736175537,420.94544196128845,0,train,data\train_data\image_148.png
image_149,-225.7827115058899,226.349157333374,-118.18298935890198,391.5756502151489,0,val,data\train_data\image_149.png
image_150,832.1238040924072,220.44709587097168,965.855827331543,440.7964029312134,1,train,data\train_data\image_150.png
image_151,-219.24509525299072,226.2771453857422,-138.52274894714355,380.1588382720947,1,train,data\train_data\image_151.png
image_152,828.3464813232422,228.616174697876,912.6765060424804,360.47993564605713,0,train,data\train_data\image_152.png
image_155,849.5429706573486,223.45611953735352,985.8663082122804,438.4861590862274,1,train,data\train_data\image_155.png
image_157,839.8907947540283,219.57920455932617,986.653289794922,452.5486787557602,1,val,data\train_data\image_157.png
image_158,831.4641094207764,225.7416763305664,896.2135791778564,369.16746044158936,1,train,data\train_data\image_158.png
image_159,847.1197986602783,223.28319931030276,878.4780406951904,366.3582792282105,0,train,data\train_data\image_159.png
image_160,828.0268478393555,220.78383827209475,895.4268550872803,405.92771434783936,0,train,data\train_data\image_160.png
image_163,-157.13592767715454,221.2178268432617,-119.70275044441225,382.03114891052246,1,train,data\train_data\image_163.png
image_164,-177.3041546344757,223.83074188232425,-141.96688771247864,362.8523960113525,1,train,data\train_data\image_164.png
image_167,801.4121246337891,228.5655632019043,859.0248584747314,345.6211128234863,0,val,data\train_data\image_167.png
image_168,-261.4687728881836,220.6165542602539,-153.17424058914185,415.778302192688,0,train,data\train_data\image_168.png
image_169,853.9036846160889,216.7607250213623,950.2397060394288,446.881441116333,0,val,data\train_data\image_169.png
image_170,-246.8843579292297,224.31353950500488,-117.91860938072205,421.82652258872986,0,train,data\train_data\image_170.png
image_172,-146.60051107406616,224.7497310638428,-111.47358298301695,355.4359664916992,1,train,data\train_data\image_172.png
image_173,819.7883033752441,224.78323364257807,852.1650123596191,355.878981590271,1,train,data\train_data\image_173.png
image_174,818.8341236114502,224.91601371765137,931.1733627319336,405.6372203826904,1,train,data\train_data\image_174.png
image_175,-342.4085283279419,219.76831817626956,-212.63214111328125,433.3073570728302,0,train,data\train_data\image_175.png
image_177,-283.5981774330139,222.2717704772949,-155.2391767501831,422.1762504577637,0,train,data\train_data\image_177.png
image_178,-231.69198274612427,226.69391059875488,-129.6544325351715,394.32575845718384,0,train,data\train_data\image_178.png
image_179,-159.89397883415222,225.4422416687012,-112.91691184043884,354.688910484314,1,train,data\train_data\image_179.png
image_181,814.0602207183838,220.3880443572998,960.089807510376,462.51684391498566,1,val,data\train_data\image_181.png
image_182,849.6874237060547,222.76998901367188,881.6531753540039,369.8448648452759,0,train,data\train_data\image_182.png
image_184,829.7060394287109,221.0566940307617,935.8333683013916,429.27448773384094,0,train,data\train_data\image_184.png
image_186,798.8536834716797,228.7006320953369,872.8407669067383,350.6937780380249,0,val,data\train_data\image_186.png
image_187,-217.5978755950928,216.608060836792,-153.39625239372253,428.5307612419128,1,train,data\train_data\image_187.png
image_188,-276.2724208831787,220.18894577026367,-161.6111934185028,422.7035477161408,1,train,data\train_data\image_188.png
image_191,809.7340106964111,223.923152923584,887.8189086914062,390.7533564567566,1,val,data\train_data\image_191.png
image_194,-160.70497155189514,226.54167556762692,-112.82626390457152,346.80988216400146,0,train,data\train_data\image_194.png
image_195,-348.2358956336975,220.0346508026123,-210.03833770751956,439.91916680336,0,train,data\train_data\image_195.png
image_197,-278.6728048324585,216.34859466552732,-147.96873807907104,451.0437502861023,1,train,data\train_data\image_197.png
image_198,853.1414222717285,220.89990997314453,892.2411632537842,390.6829609870911,0,train,data\train_data\image_198.png
image_199,867.4257946014404,222.38034629821777,993.781442642212,424.4804503917694,0,train,data\train_data\image_199.png
image_200,804.3283081054688,228.5783519744873,876.7415142059326,348.80144023895264,1,train,data\train_data\image_200.png
image_203,815.7215595245361,223.23587799072263,906.2727642059326,402.9062094688416,1,train,data\train_data\image_203.png
image_204,-204.04495239257807,225.7715740203857,-133.41200351715088,369.8990454673767,0,train,data\train_data\image_204.png
image_205,862.6560974121094,217.09600830078125,958.6368656158448,445.8309700489044,1,train,data\train_data\image_205.png
image_207,821.3329982757568,227.79892349243164,912.1356010437012,369.3829097747803,0,train,data\train_data\image_207.png
image_209,837.9442405700684,216.4465847015381,897.7103805541992,421.1124470233917,1,train,data\train_data\image_209.png
image_210,-174.56472873687744,226.3898124694824,-111.40966057777403,355.44975662231445,0,train,data\train_data\image_210.png
image_211,-168.914794921875,225.3168716430664,-121.12456798553468,355.31547451019287,0,train,data\train_data\image_211.png
image_212,874.9575233459473,223.73787307739255,1007.2537708282472,428.37469959259033,0,val,data\train_data\image_212.png
image_214,832.4716758728027,224.37213325500488,895.3224849700928,376.2235155105591,1,train,data\train_data\image_214.png
image_215,-174.7344267368317,229.80490112304688,-93.7049674987793,357.1824922561645,0,train,data\train_data\image_215.png
image_217,-258.83134603500366,223.0185832977295,-146.9395101070404,406.61545419692993,0,train,data\train_data\image_217.png
image_218,848.7767601013184,219.1910495758057,930.8064365386964,412.8906717300415,0,train,data\train_data\image_218.png
image_220,813.1472396850586,225.57668113708496,912.9723644256592,389.2705454826355,1,train,data\train_data\image_220.png
image_226,-244.4168329238892,216.11719512939453,-196.6761302947998,426.2804093360901,0,train,data\train_data\image_226.png
image_228,847.9428291320801,219.38482666015625,991.8681907653807,455.71842753887177,0,val,data\train_data\image_228.png
image_230,827.9555225372314,218.6343231201172,919.201955795288,433.2163407802582,1,val,data\train_data\image_230.png
image_235,821.5904903411865,224.5683994293213,852.6821422576904,357.0836868286133,1,train,data\train_data\image_235.png
image_236,824.8340320587158,227.5056114196777,914.1411209106444,371.54308223724365,1,train,data\train_data\image_236.png
image_237,811.7385005950928,221.24480628967285,908.855152130127,406.89310216903687,1,val,data\train_data\image_237.png
image_238,830.7808971405029,218.9416542053223,874.8772716522217,401.99129009246826,1,val,data\train_data\image_238.png
image_239,820.6478977203369,228.7292423248291,891.1209869384766,353.4361400604248,0,train,data\train_data\image_239.png
image_242,858.4627532958984,223.93070602416992,941.081485748291,391.8824305534363,0,val,data\train_data\image_242.png
image_243,-271.4038681983948,219.4418182373047,-165.3176200389862,424.3013503551483,0,train,data\train_data\image_243.png
image_244,-215.42108058929443,226.25048065185547,-111.10896348953248,398.7033882141113,1,train,data\train_data\image_244.png
image_245,-251.95117950439453,215.220121383667,-199.67659950256348,432.3420264720917,0,train,data\train_data\image_245.png
image_246,-213.86269569396973,226.3519325256348,-126.76510334014893,371.7866554260254,0,train,data\train_data\image_246.png
image_247,841.9961357116699,222.5403347015381,930.9736347198486,394.3617072105408,0,val,data\train_data\image_247.png
image_249,-174.50053811073303,224.5464553833008,-122.14768052101137,366.1953225135803,0,train,data\train_data\image_249.png
image_251,-237.95953273773196,220.69952392578125,-164.3121886253357,406.51243591308594,1,train,data\train_data\image_251.png
image_252,-203.43010425567627,225.09525680541992,-118.46914887428284,374.9356760978699,0,train,data\train_data\image_252.png
image_254,873.0057334899902,221.3483180999756,941.9662284851074,400.5230417251587,0,train,data\train_data\image_254.png
image_255,-264.1836190223694,216.7212142944336,-162.58766770362854,450.3540667295456,1,train,data\train_data\image_255.png
image_258,-182.47934818267825,228.86268043518064,-118.38033556938171,349.9925842285156,0,val,data\train_data\image_258.png
image_259,-269.621057510376,226.30589866638184,-158.59994173049927,395.9526791572571,0,train,data\train_data\image_259.png
image_261,850.207986831665,222.10168266296387,898.1183338165283,378.7358655929565,0,train,data\train_data\image_261.png
image_262,827.7677249908447,227.6298656463623,910.9862422943116,367.7828683853149,0,val,data\train_data\image_262.png
image_263,831.4257431030273,224.69479942321777,954.0942764282228,421.1658408641815,0,val,data\train_data\image_263.png
image_264,834.6040534973145,217.877067565918,970.8501434326172,452.4612226486206,0,train,data\train_data\image_264.png
image_265,833.4951210021973,223.07614707946777,919.6014976501464,388.68360662460327,0,train,data\train_data\image_265.png
image_266,-149.8271656036377,225.79715156555176,-108.05023670196532,349.5448055267334,1,train,data\train_data\image_266.png
image_267,809.0710544586182,227.92083168029785,862.470874786377,346.0329570770264,0,val,data\train_data\image_267.png
image_268,-133.24448347091675,225.7845630645752,-98.82294416427612,347.5226345062256,1,val,data\train_data\image_268.png
image_269,860.2064895629883,214.3584098815918,939.814624786377,451.6898765563965,1,train,data\train_data\image_269.png
image_270,821.8826580047607,221.1300792694092,971.8864631652832,450.34027123451233,0,train,data\train_data\image_270.png
image_272,-184.89625453948972,225.9694709777832,-105.91730117797852,366.6707673072815,0,train,data\train_data\image_272.png
image_273,854.7374439239502,221.36785888671875,903.7044525146484,386.8921055793762,1,train,data\train_data\image_273.png
image_275,-208.18767786026,227.68634223937988,-134.80148434638977,365.2742233276367,0,val,data\train_data\image_275.png
image_276,-206.65678024291992,226.52159118652344,-115.70212841033936,372.9917540550232,1,train,data\train_data\image_276.png
image_277,-213.30531120300293,222.22836875915527,-137.01902747154236,392.1254887580872,1,train,data\train_data\image_277.png
image_280,-201.91276788711548,223.914026260376,-134.76288199424744,382.4722113609314,1,train,data\train_data\image_280.png
image_281,-201.81657314300537,225.70096397399905,-135.27569890022278,362.52938652038574,0,val,data\train_data\image_281.png
image_282,-303.7272334098816,215.7928409576416,-233.75415086746216,437.4174883365631,0,train,data\train_data\image_282.png
image_288,793.2733154296875,227.17158699035645,883.1503200531006,367.2770466804504,1,train,data\train_data\image_288.png
image_289,-189.29919719696045,218.18099403381348,-122.73611426353456,413.9846482276917,1,train,data\train_data\image_289.png
image_290,-201.15222215652463,226.5577545166016,-117.1760880947113,375.4005494117737,0,train,data\train_data\image_290.png
image_291,-163.95237565040588,222.9721775054932,-126.47862195968628,365.6725420951843,0,train,data\train_data\image_291.png
image_292,-173.85193705558777,224.9935188293457,-83.8856953382492,381.5169944763184,1,train,data\train_data\image_292.png
image_294,813.6583614349365,226.5788974761963,852.7740669250488,346.01408863067627,1,train,data\train_data\image_294.png
image_295,807.1166896820068,224.97835540771484,888.5877799987793,370.71422243118286,1,train,data\train_data\image_295.png
image_296,818.2934761047363,229.0924777984619,901.9478416442872,356.9713630676269,0,train,data\train_data\image_296.png
image_298,-230.88948726654053,224.9821891784668,-131.42500162124634,387.1545901298523,0,train,data\train_data\image_298.png
image_299,821.5746974945068,221.39795684814453,930.3221797943116,408.7688817977905,1,train,data\train_data\image_299.png
image_301,-150.66667556762695,225.9733619689941,-101.73050165176392,354.4728174209595,1,train,data\train_data\image_301.png
image_302,822.5984001159668,227.70983123779297,908.2628345489502,364.2914834022522,0,train,data\train_data\image_302.png
image_304,-264.6753430366516,214.40910720825195,-196.4875602722168,442.7898528575897,1,train,data\train_data\image_304.png
image_306,826.5773391723633,228.33018684387207,904.7650623321532,353.60529804229736,0,train,data\train_data\image_306.png
image_307,-181.88477754592896,223.5558261871338,-90.855131149292,384.2973222732544,1,val,data\train_data\image_307.png
image_308,-242.2084736824036,215.4889430999756,-157.36588954925537,448.186235666275,0,train,data\train_data\image_308.png
image_310,815.7709980010986,223.33547019958496,933.8308525085448,419.3322899341583,0,train,data\train_data\image_310.png
image_311,811.6021156311035,228.13798332214355,867.1271896362305,347.54459285736084,0,train,data\train_data\image_311.png
image_312,827.4281787872314,219.1085662841797,893.1362915039062,411.74845838546753,0,train,data\train_data\image_312.png
image_313,806.1468887329102,226.55309104919436,909.920482635498,385.8040084838867,0,train,data\train_data\image_313.png
image_321,848.3657169342041,224.24696350097656,972.9748821258544,425.7067348957062,0,train,data\train_data\image_321.png
image_322,829.5267391204834,226.44422912597656,897.0328330993652,353.7743844985962,0,train,data\train_data\image_322.png
image_323,813.6981868743896,225.93021774291992,913.5894870758056,385.3418960571289,0,val,data\train_data\image_323.png
image_324,861.9503116607666,223.1569995880127,990.256462097168,418.9273443222046,0,train,data\train_data\image_324.png
image_326,-231.23690843582156,223.73501205444336,-161.2989091873169,386.0247292518616,1,train,data\train_data\image_326.png
image_327,853.937931060791,219.60089111328125,923.718194961548,404.8623194694519,1,val,data\train_data\image_327.png
image_328,788.6796569824219,223.6781635284424,862.397403717041,378.2358660697937,1,train,data\train_data\image_328.png
image_329,850.7289791107178,220.3382625579834,1006.466875076294,458.93246853351593,0,train,data\train_data\image_329.png
image_330,-258.9205241203308,219.95580101013184,-140.34079313278198,429.6420612335205,1,val,data\train_data\image_330.png
image_331,-291.7397332191468,219.29047012329104,-175.26380896568298,433.1488564014435,1,train,data\train_data\image_331.png
image_332,-192.58234977722168,222.64699363708496,-154.87355947494507,373.5014524459839,1,train,data\train_data\image_332.png
image_334,908.7583351135254,217.49148750305176,962.8112411499023,420.58228874206543,0,train,data\train_data\image_334.png
image_335,-291.0299348831177,223.16638374328613,-167.10572004318237,428.80184674263,0,train,data\train_data\image_335.png
image_336,-227.7539420127869,216.0339393615723,-164.0542459487915,429.44655680656433,1,train,data\train_data\image_336.png
image_337,-298.0308222770691,217.8503456115723,-186.06745719909668,438.2413949966431,0,train,data\train_data\image_337.png
image_338,-204.69539880752563,220.01479530334475,-154.7896707057953,389.7830119132996,1,train,data\train_data\image_338.png
image_339,-276.4288902282715,217.72614860534668,-155.71015119552612,444.4836392402649,0,train,data\train_data\image_339.png
image_340,-168.15828323364258,228.65508460998532,-90.15522480010986,352.9546585083008,0,val,data\train_data\image_340.png
image_344,-210.8739638328552,222.36280822753903,-130.88857054710388,392.83455753326416,1,val,data\train_data\image_344.png
image_347,-152.31237173080444,226.1471691131592,-102.73290753364564,353.7718095779419,1,train,data\train_data\image_347.png
image_348,-259.5579242706299,214.767765045166,-181.17111682891849,446.1009361743927,0,train,data\train_data\image_348.png
image_349,-300.9033179283142,221.8041076660156,-174.76033687591553,424.8880925178528,1,train,data\train_data\image_349.png
image_350,807.7588748931885,225.5769100189209,889.4712352752686,384.0417041778565,0,val,data\train_data\image_350.png
image_351,-225.9623336791992,226.4751853942871,-124.4294571876526,390.0419487953186,0,train,data\train_data\image_351.png
image_356,-150.34361958503723,224.51501274108887,-111.86651587486269,358.3762826919556,1,train,data\train_data\image_356.png
image_359,-216.27254247665405,224.20882606506348,-107.12011098861694,402.0653762817383,1,train,data\train_data\image_359.png
image_365,-225.3084111213684,222.51816177368164,-106.4799964427948,414.65003633499146,1,train,data\train_data\image_365.png
image_367,-290.3970408439636,217.65885734558103,-189.7734332084656,434.7299399375916,1,train,data\train_data\image_367.png
image_369,851.4221477508545,218.0618896484375,923.3561611175536,426.8381049633026,1,train,data\train_data\image_369.png
image_372,-251.5650057792664,217.31058502197263,-191.4533543586731,421.3230254650116,0,train,data\train_data\image_372.png
image_373,-236.48152828216556,226.05681800842285,-131.6109001636505,388.30718898773193,1,val,data\train_data\image_373.png
image_376,-274.5368814468384,218.1548442840576,-198.43881368637085,426.5911486148834,0,train,data\train_data\image_376.png
image_378,852.5156307220459,218.254207611084,907.0075607299804,413.8864078521729,0,val,data\train_data\image_378.png
image_379,895.295877456665,214.7242488861084,962.8702068328856,440.8752455711365,1,train,data\train_data\image_379.png
image_380,865.5826663970947,215.4224529266357,914.4894218444824,428.43490266799927,1,train,data\train_data\image_380.png
image_382,856.5120792388916,223.4382381439209,888.0698776245117,366.8665685653687,0,train,data\train_data\image_382.png
image_386,-171.0373342037201,229.1373386383057,-93.77416849136353,348.8810338973999,0,train,data\train_data\image_386.png
image_388,849.12428855896,222.81024360656735,958.546314239502,416.3255944252014,1,train,data\train_data\image_388.png
image_389,849.155445098877,220.82503700256348,905.7043933868408,391.1561598777771,0,train,data\train_data\image_389.png
image_391,850.6946468353271,216.64399528503415,949.6548557281494,450.3122707605362,1,train,data\train_data\image_391.png
image_392,-342.4423027038574,221.00387954711917,-210.36897897720337,446.6417660713196,1,train,data\train_data\image_392.png
image_393,795.1408195495605,228.8848533630371,869.591474533081,351.06435203552246,1,val,data\train_data\image_393.png
image_394,898.1350708007812,215.22218132019043,961.7045402526855,436.2905421257019,0,val,data\train_data\image_394.png
image_395,-158.58592987060547,226.72744178771973,-97.94185996055604,349.90832710266113,1,train,data\train_data\image_395.png
image_398,-191.7561435699463,220.39628410339355,-137.01565861701965,393.7779583930969,0,train,data\train_data\image_398.png
image_401,-160.9389889240265,225.48449897766116,-128.1987226009369,352.52447509765625,0,train,data\train_data\image_401.png
image_402,819.7005844116211,226.1353530883789,888.1065273284912,371.7349281311035,0,train,data\train_data\image_402.png
image_403,839.6972465515137,223.86247062683103,873.0316543579102,364.2682375907898,0,train,data\train_data\image_403.png
image_404,835.5152320861816,224.0755882263184,917.301149368286,381.3752737045288,0,train,data\train_data\image_404.png
image_407,831.4605903625488,223.6187686920166,949.1100883483888,416.38401651382446,1,train,data\train_data\image_407.png
image_408,-199.75987672805783,224.97360610961917,-126.0055661201477,376.98794507980347,1,train,data\train_data\image_408.png
image_409,849.2758655548096,215.7550754547119,906.31911277771,433.2561089992523,0,train,data\train_data\image_409.png
image_410,854.4075965881348,217.38213920593265,908.721170425415,416.13748931884766,1,train,data\train_data\image_410.png
image_411,890.7062530517578,219.0698280334473,936.4007091522216,400.14659547805786,0,train,data\train_data\image_411.png
image_412,-164.42780256271362,229.2543258666992,-89.53360140323639,351.1539878845215,0,train,data\train_data\image_412.png
image_413,-179.93995070457458,226.1105480194092,-99.1058313846588,364.279438495636,1,val,data\train_data\image_413.png
image_414,859.6879863739014,217.17611694335935,968.9391231536864,441.5070488452912,0,train,data\train_data\image_414.png
image_415,-204.37525033950809,224.0941276550293,-141.05399250984192,382.0067729949951,0,train,data\train_data\image_415.png
image_416,858.2092952728271,225.01171493530276,970.0039386749268,412.20860385894775,0,train,data\train_data\image_416.png
image_417,788.428430557251,228.75954055786133,869.8118877410889,356.7085494995117,1,train,data\train_data\image_417.png
image_418,-191.57871007919312,226.32572555541992,-106.06983304023744,369.4046106338501,0,train,data\train_data\image_418.png
image_419,-305.57368755340576,221.27996826171875,-156.1808145046234,450.6791164875031,0,train,data\train_data\image_419.png
image_420,-186.1988639831543,228.06265258789065,-120.36221981048584,356.37255096435547,0,train,data\train_data\image_420.png
image_421,837.5213527679443,222.1258583068848,885.8235168457031,382.6830759048462,0,train,data\train_data\image_421.png
image_422,840.1459693908691,222.39041709899905,912.6489543914796,394.6652760505676,1,val,data\train_data\image_422.png
image_427,835.1924228668213,225.2129020690918,881.0133075714111,357.6563205718994,0,train,data\train_data\image_427.png
image_428,-179.73565220832825,227.6919212341309,-111.18645787239076,349.812668800354,0,train,data\train_data\image_428.png
image_429,-246.70784711837769,215.58764839172363,-192.015073299408,431.048761844635,1,val,data\train_data\image_429.png
image_431,851.6595554351807,224.4171371459961,972.0415592193604,422.1860280036926,1,train,data\train_data\image_431.png
image_432,-206.7782092094421,217.9403247833252,-165.00500321388245,409.9573364257813,0,val,data\train_data\image_432.png
image_434,815.7618141174316,223.0504550933838,934.5990371704102,426.774658203125,1,train,data\train_data\image_434.png
image_435,-311.8566656112671,219.68812370300293,-208.8545608520508,430.9205629825592,1,train,data\train_data\image_435.png
image_437,-153.36053609848022,226.58593559265137,-112.26084351539612,349.5299568176269,1,train,data\train_data\image_437.png
image_438,-277.4981474876404,218.9061489105225,-185.7835078239441,436.8739368915558,0,train,data\train_data\image_438.png
image_440,-219.1234302520752,226.18873977661133,-106.65960788726808,398.42858695983887,0,train,data\train_data\image_440.png
image_443,834.4333362579346,222.45513343811035,950.5827713012696,412.3949279785156,0,val,data\train_data\image_443.png
image_446,845.6649684906006,218.53521728515625,993.553991317749,459.2638500928879,0,val,data\train_data\image_446.png
image_448,-161.87361001968384,225.91001892089844,-110.28729557991028,361.38882541656494,0,val,data\train_data\image_448.png
image_449,-155.06650686264038,225.81840896606445,-121.9222891330719,350.3497543334961,1,val,data\train_data\image_449.png
image_450,862.9238033294678,225.2847137451172,985.3478050231934,415.482207775116,0,train,data\train_data\image_450.png
image_451,811.6701793670654,224.22330284118647,848.384599685669,355.490797996521,1,val,data\train_data\image_451.png
image_452,-204.9484062194824,221.67810821533203,-100.53452610969543,408.3849754333496,1,train,data\train_data\image_452.png
image_454,822.070369720459,222.9285469055176,859.6085929870605,371.2101092338562,0,train,data\train_data\image_454.png
image_455,-149.9172556400299,225.8460750579834,-113.54316473007202,348.2960262298584,1,train,data\train_data\image_455.png
image_456,-224.83406782150269,215.95998191833496,-163.06912422180176,428.4379103183746,1,train,data\train_data\image_456.png
image_457,829.8594188690186,224.56639671325684,865.700855255127,361.06412076950073,0,train,data\train_data\image_457.png
image_458,-199.29128408432007,227.35400581359863,-109.56408619880676,373.20485734939575,0,train,data\train_data\image_458.png
image_459,819.5420551300049,229.25203704833984,905.3402996063232,363.5035934448242,0,val,data\train_data\image_459.png
image_460,-207.9226326942444,218.93372917175293,-145.61375856399536,412.18313360214233,1,train,data\train_data\image_460.png
image_461,-197.9842972755432,224.92299461364743,-138.5591733455658,370.6741323471069,0,train,data\train_data\image_461.png
image_464,868.8806247711182,213.39770698547363,949.5092868804932,454.47177970409393,0,train,data\train_data\image_464.png
image_465,816.2844371795654,226.20776557922363,863.3539867401123,349.6733512878418,0,train,data\train_data\image_465.png
image_466,816.5967750549316,224.4767608642578,848.0690860748291,356.7363872528076,0,val,data\train_data\image_466.png
image_467,-149.1427516937256,224.2277946472168,-116.29159212112428,358.2557191848755,1,train,data\train_data\image_467.png
image_469,-206.1849474906921,219.15531539916992,-154.34439182281494,404.2410054206848,0,train,data\train_data\image_469.png
image_470,855.2065944671631,222.3924770355225,923.7666893005372,391.0753073692322,1,train,data\train_data\image_470.png
image_471,-201.1519432067871,227.9786529541016,-127.80792474746704,362.54153871536255,0,train,data\train_data\image_471.png
image_472,827.9510593414307,226.55483627319336,920.169267654419,374.86694717407227,0,train,data\train_data\image_472.png
image_474,-178.85004043579102,227.4820652008057,-102.4385941028595,365.365110874176,1,train,data\train_data\image_474.png
image_475,894.5444297790527,219.6388282775879,968.6510753631592,407.9706563949585,0,train,data\train_data\image_475.png
image_477,930.1696586608888,215.02251052856445,983.7772750854492,436.7565813064575,0,train,data\train_data\image_477.png
image_480,-180.5409049987793,224.16430854797363,-126.27087950706482,369.8886456489563,0,train,data\train_data\image_480.png
image_481,-200.3232479095459,216.7431583404541,-148.680499792099,417.4193277359009,1,train,data\train_data\image_481.png
image_482,838.016767501831,224.59094429016116,948.6387062072754,404.8790636062622,0,train,data\train_data\image_482.png
image_483,-155.7993507385254,227.3462238311768,-91.84320330619812,359.19073724746704,1,train,data\train_data\image_483.png
image_485,-257.42631912231445,225.70808792114255,-144.03874397277832,402.2621717453003,0,train,data\train_data\image_485.png
image_486,-192.81456470489505,225.415491104126,-127.75065422058104,371.5712776184082,0,train,data\train_data\image_486.png
image_487,823.1993007659912,227.3694267272949,913.040943145752,374.7262706756592,1,train,data\train_data\image_487.png
image_489,844.5420455932617,224.1329803466797,885.5404472351074,361.44844913482666,0,train,data\train_data\image_489.png
image_490,-184.8863625526428,220.44615173339844,-147.81800866127014,389.72431802749634,0,train,data\train_data\image_490.png
image_491,815.3362655639648,227.1991958618164,889.29030418396,363.93507146835327,0,train,data\train_data\image_491.png
image_494,-272.6038885116577,216.3263359069824,-196.4681625366211,425.5264797210693,1,train,data\train_data\image_494.png
image_495,-148.1857395172119,224.84649085998532,-108.62671852111816,356.1849822998047,1,train,data\train_data\image_495.png
image_497,791.9417381286621,226.99220085144043,850.3049755096436,349.1734447479248,1,train,data\train_data\image_497.png
image_498,-245.07936000823972,222.28450202941892,-119.71028208732604,430.9257950782776,1,train,data\train_data\image_498.png
image_500,847.210865020752,225.82498931884768,932.9390716552734,388.8497462272644,1,train,data\train_data\image_500.png
image_501,852.2255229949951,222.8167381286621,968.3165073394777,430.0922431945801,1,train,data\train_data\image_501.png
image_502,-152.37635850906372,225.7018795013428,-114.18806433677672,349.2865409851074,0,train,data\train_data\image_502.png
image_503,-259.4420528411865,220.6595268249512,-132.81922459602356,429.8149743080139,0,train,data\train_data\image_503.png
image_505,-210.8564329147339,221.44696617126465,-136.36555552482605,393.640679359436,1,train,data\train_data\image_505.png
image_506,-213.1899333000183,220.4222621917725,-160.79177856445312,394.1791596412658,1,train,data\train_data\image_506.png
image_507,-138.69989275932312,224.9015941619873,-110.27698516845705,353.4111633300781,1,val,data\train_data\image_507.png
image_508,831.549768447876,221.1573162078857,978.0128860473632,449.3768646717072,0,train,data\train_data\image_508.png
image_511,-167.5059700012207,222.1987571716309,-131.25332951545715,376.7107048034668,1,train,data\train_data\image_511.png
image_512,-240.2087903022766,220.09850883483887,-109.00773167610168,437.8273012638092,1,train,data\train_data\image_512.png
image_513,812.1982097625732,225.71558380126956,903.984260559082,378.53929901123047,0,train,data\train_data\image_513.png
image_514,-309.10366773605347,218.74802017211917,-206.25768899917605,447.2578730583191,1,val,data\train_data\image_514.png
image_515,818.558349609375,225.11236572265625,847.4319648742676,352.2191038131714,1,train,data\train_data\image_515.png
image_516,-290.06601333618164,219.8596706390381,-172.20890164375305,446.8776109218597,1,train,data\train_data\image_516.png
image_517,831.0842227935791,226.9253387451172,907.9662895202636,372.2723355293274,0,val,data\train_data\image_517.png
image_519,-277.77008056640625,220.9974994659424,-169.15244936943054,433.4775986671448,1,train,data\train_data\image_519.png
image_521,-188.40473413467407,225.20655059814453,-117.87700295448305,366.8074312210083,1,val,data\train_data\image_521.png
image_522,-175.62247395515442,228.91460800170896,-100.9923791885376,354.1384210586548,1,val,data\train_data\image_522.png
image_524,808.8937282562256,225.03265762329104,884.9156856536865,382.53764295578,1,train,data\train_data\image_524.png
image_525,821.8957901000977,221.6445198059082,942.3415660858154,423.0902256965637,0,train,data\train_data\image_525.png
image_526,850.2496147155762,217.3517837524414,934.827003479004,434.7252371311188,0,val,data\train_data\image_526.png
image_529,-162.82243609428406,227.41609001159668,-98.25855374336244,358.9059867858887,0,train,data\train_data\image_529.png
image_530,-275.75698614120483,222.61855506896973,-168.07672262191772,402.0909824371338,0,val,data\train_data\image_530.png
image_532,-211.3660955429077,224.49160957336423,-116.09707832336426,401.5629878044128,0,train,data\train_data\image_532.png
image_533,-205.6749415397644,227.4980297088623,-122.791850566864,369.9636688232422,1,train,data\train_data\image_533.png
image_534,-164.93972897529602,227.49336624145508,-98.21916818618774,363.5737099647522,0,train,data\train_data\image_534.png
image_535,-240.09461402893064,222.87453079223636,-140.18299341201782,409.0231194496155,1,train,data\train_data\image_535.png
image_537,839.8019599914551,223.7333240509033,871.9569683074951,364.4186201095581,1,train,data\train_data\image_537.png
image_539,799.1773509979248,227.5130500793457,862.6931762695312,358.3763542175293,1,train,data\train_data\image_539.png
image_540,879.906005859375,217.0588150024414,931.159029006958,421.4964463710785,1,train,data\train_data\image_540.png
image_541,869.368143081665,221.36831665039065,988.3247566223145,416.2268319129944,0,train,data\train_data\image_541.png
image_542,856.2442016601562,220.15281105041504,922.8596305847168,406.0365333557129,0,train,data\train_data\image_542.png
image_543,-206.89601182937625,223.1698455810547,-107.06376314163208,396.30974197387695,1,train,data\train_data\image_543.png
image_544,-128.53023290634155,225.69209480285645,-101.47363185882568,346.5258541107178,1,train,data\train_data\image_544.png
image_545,853.992862701416,223.00339126586917,930.4588222503662,394.7718348503113,1,train,data\train_data\image_545.png
image_547,820.1593494415283,220.9792461395264,936.4413928985596,434.2862453460693,1,train,data\train_data\image_547.png
image_548,843.6227989196777,223.4568347930908,967.462921142578,417.8088417053223,0,train,data\train_data\image_548.png
image_549,-132.63978481292725,224.7602310180664,-101.8729054927826,351.52152919769287,1,train,data\train_data\image_549.png
image_550,-154.75887894630432,225.31083488464355,-122.1427881717682,350.4000082015991,0,train,data\train_data\image_550.png
image_551,-151.10032439231873,224.9082317352295,-110.68013191223145,358.18562412261963,0,train,data\train_data\image_551.png
image_553,-308.36219787597656,214.60028076171875,-252.86585569381717,445.9204020500183,0,train,data\train_data\image_553.png
image_555,816.678056716919,223.19937133789065,908.4372425079346,389.8054995536804,0,val,data\train_data\image_555.png
image_556,-205.5074644088745,228.28083419799805,-114.430171251297,368.2857575416565,1,train,data\train_data\image_556.png
image_557,826.4196681976318,218.71546173095703,907.4117374420166,423.0631639957428,0,val,data\train_data\image_557.png
image_558,814.7919273376465,223.99324798583984,884.1866397857666,381.8205633163452,0,train,data\train_data\image_558.png
image_559,835.0260829925537,222.3850383758545,891.425256729126,380.4077615737915,0,train,data\train_data\image_559.png
image_562,-202.77474403381348,223.64320182800293,-155.27665257453918,369.2584910392761,0,train,data\train_data\image_562.png
image_563,-222.67081260681152,216.0016384124756,-154.99401211738586,434.4937410354614,1,train,data\train_data\image_563.png
image_564,-247.3884630203247,218.30381774902344,-154.09022569656372,426.80165910720825,1,train,data\train_data\image_564.png
image_565,-156.52315020561218,226.6810932159424,-104.01391983032228,347.76798152923584,0,val,data\train_data\image_565.png
image_568,-295.17165184021,222.8489246368408,-156.1268699169159,434.71884989738464,0,val,data\train_data\image_568.png
image_570,-237.6117253303528,215.94939613342285,-173.02266240119934,438.2505288124085,1,train,data\train_data\image_570.png
image_571,-245.7658123970032,219.40828704833984,-182.87230253219604,404.4202842712402,0,train,data\train_data\image_571.png
image_572,-245.9774708747864,223.07912254333496,-133.901549577713,408.09521102905273,0,train,data\train_data\image_572.png
image_573,834.1653728485107,227.0959129333496,922.0384883880616,380.034140586853,1,train,data\train_data\image_573.png
image_574,-260.5950593948364,222.72492790222168,-114.60067391395567,448.7776198387146,1,train,data\train_data\image_574.png
image_575,-172.07656145095825,224.0451183319092,-130.221848487854,363.0053606033325,1,train,data\train_data\image_575.png
image_577,835.255765914917,224.3468990325928,882.037181854248,365.497848033905,0,train,data\train_data\image_577.png
image_578,814.0167903900146,228.5666790008545,891.2635517120361,359.7252335548401,1,val,data\train_data\image_578.png
image_579,861.5564346313477,222.11092376708984,990.6097412109376,433.8459160327912,1,train,data\train_data\image_579.png
image_581,-183.31774234771729,217.3176231384277,-133.56019020080566,415.59984588623047,1,val,data\train_data\image_581.png
image_582,816.2034130096436,228.0897750854492,901.0292816162108,364.7264161109924,0,train,data\train_data\image_582.png
image_583,-247.79285430908203,222.08929443359372,-138.47435116767883,406.0554804801941,1,train,data\train_data\image_583.png
image_584,-278.777174949646,214.8769702911377,-186.12303256988525,457.236021399498,0,train,data\train_data\image_584.png
image_585,-223.1270670890808,225.13322257995603,-115.32360434532166,399.6736040115357,1,train,data\train_data\image_585.png
image_586,833.8465118408203,215.33667945861816,885.4591655731201,430.02684020996094,1,train,data\train_data\image_586.png
image_587,820.3717803955078,227.2964134216309,895.6791114807129,368.0171432495117,0,train,data\train_data\image_587.png
image_588,859.5621585845947,214.58737754821777,918.6908340454102,439.9764122962952,1,train,data\train_data\image_588.png
image_590,-288.47728729248047,222.6143493652344,-149.25281882286072,435.3954532146454,1,train,data\train_data\image_590.png
image_591,831.7767906188965,223.4178676605225,964.2545700073242,427.51763010025024,1,train,data\train_data\image_591.png
image_592,-346.95714712142944,219.38162231445312,-203.56526613235476,446.5168216228485,0,train,data\train_data\image_592.png
image_593,-305.6418800354004,217.3865737915039,-200.95539093017575,438.1414630413056,0,val,data\train_data\image_593.png
image_594,-229.24608707427976,221.842960357666,-144.17338013648987,391.554292678833,0,train,data\train_data\image_594.png
image_596,-166.87125205993652,223.8946857452393,-128.5492765903473,358.16908740997314,1,train,data\train_data\image_596.png
image_597,-157.42002725601196,225.61556243896484,-112.2888457775116,360.2266778945923,0,val,data\train_data\image_597.png
image_598,835.2719020843506,223.41532135009768,870.8341312408447,365.883864402771,0,val,data\train_data\image_598.png
image_599,-232.1688151359558,225.29990577697757,-124.60951924324036,394.6836724281311,0,train,data\train_data\image_599.png
image_600,870.9654521942139,216.1545886993408,926.1059188842772,427.2634711265564,1,train,data\train_data\image_600.png
image_601,801.4013957977295,227.35463523864743,870.019941329956,361.189998626709,0,train,data\train_data\image_601.png
image_602,-162.1121120452881,225.0558605194092,-129.25387144088745,355.3134431838989,1,train,data\train_data\image_602.png
image_604,813.0737686157227,227.77068519592285,909.9001407623292,375.7890548706055,0,train,data\train_data\image_604.png
image_606,883.2357215881348,220.30109786987305,925.9722805023192,394.2065181732178,0,train,data\train_data\image_606.png
image_608,-329.3808460235596,222.3791732788086,-205.23192644119263,438.4533181190491,1,train,data\train_data\image_608.png
image_609,831.516637802124,226.65817642211917,908.994369506836,373.62544202804565,0,train,data\train_data\image_609.png
image_610,-226.393461227417,223.29238319396973,-132.8521728515625,410.12738132476807,0,train,data\train_data\image_610.png
image_611,857.9009914398193,223.3599033355713,961.7456531524658,394.8585810661316,0,train,data\train_data\image_611.png
image_613,792.3587894439697,216.40936279296875,928.714485168457,453.3137288093567,1,train,data\train_data\image_613.png
image_614,783.554277420044,227.21762084960935,882.312183380127,380.08794927597046,1,train,data\train_data\image_614.png
image_615,849.1696929931641,213.48473930358887,925.55814743042,455.6730946302414,1,train,data\train_data\image_615.png
image_616,-208.7034773826599,224.4017162322998,-144.4136095046997,378.7344923019409,0,train,data\train_data\image_616.png
image_617,842.944221496582,217.9975452423096,918.145809173584,417.90618085861206,0,train,data\train_data\image_617.png
image_618,-215.2195930480957,227.09210777282715,-123.19649934768675,377.3733105659485,1,train,data\train_data\image_618.png
image_619,-139.61514830589294,225.8112850189209,-105.0702702999115,347.383903503418,0,train,data\train_data\image_619.png
image_620,-215.11178970336917,223.39380645751956,-92.23974108695984,412.1718039512634,1,train,data\train_data\image_620.png
image_622,814.7031784057617,228.31201934814453,909.3903923034668,373.5400619506836,1,train,data\train_data\image_622.png
image_623,-262.68407106399536,216.94371604919436,-149.25086617469788,443.4061493873596,0,train,data\train_data\image_623.png
image_624,-242.8485131263733,224.12210845947263,-133.28696966171265,399.8864998817444,1,train,data\train_data\image_624.png
image_626,-150.20236372947693,224.1059436798096,-116.55662655830383,360.11462593078613,0,train,data\train_data\image_626.png
image_627,849.3121719360352,222.39038848876956,920.932388305664,386.0292139053345,0,val,data\train_data\image_627.png
image_628,864.3835258483887,223.01246070861816,937.831506729126,382.5876750946045,0,train,data\train_data\image_628.png
image_629,822.2737884521484,225.11794471740723,911.8945026397704,395.7677140235901,1,val,data\train_data\image_629.png
image_634,-258.5486841201782,223.12796020507807,-155.513277053833,410.4743947982788,1,train,data\train_data\image_634.png
image_636,865.528678894043,214.85156440734863,915.7023811340332,435.0438549518585,1,train,data\train_data\image_636.png
image_637,-226.58879041671756,220.2909698486328,-157.14515447616577,411.0488452911377,1,train,data\train_data\image_637.png
image_638,869.4731140136719,218.3639850616455,954.2446517944336,434.41703701019287,1,train,data\train_data\image_638.png
image_639,802.2222805023193,228.01189804077148,887.6353168487549,361.5105619430542,0,train,data\train_data\image_639.png
image_640,825.9775543212891,224.7917022705078,936.8462562561036,399.8365035057068,1,train,data\train_data\image_640.png
image_641,854.6581363677979,220.9589900970459,994.83003616333,447.0329358577728,1,train,data\train_data\image_641.png
image_642,890.6801605224609,215.1709690093994,944.3297481536864,433.7203743457794,1,train,data\train_data\image_642.png
image_643,834.9408531188965,216.0950222015381,936.6943359375,455.8438905477524,1,train,data\train_data\image_643.png
image_644,855.2913093566895,213.29759979248047,917.3717880249023,448.5672595500946,1,train,data\train_data\image_644.png
image_645,-252.2315669059753,225.08781814575195,-133.32390904426575,408.125452041626,1,train,data\train_data\image_645.png
image_646,-212.06331968307492,217.02001953125,-162.3457646369934,424.2526342868805,1,val,data\train_data\image_646.png
image_647,-240.58419227600095,218.83585357666016,-176.54567956924438,408.5242142677307,0,train,data\train_data\image_647.png
image_648,830.5211734771729,228.31962966918945,918.8097953796388,365.58233404159546,0,train,data\train_data\image_648.png
image_649,874.8021697998047,221.9542827606201,972.6154232025146,400.6834449768066,0,train,data\train_data\image_649.png
image_650,-173.2244074344635,225.6084671020508,-125.05457282066344,357.40848445892334,0,train,data\train_data\image_650.png
image_651,-203.24726343154907,223.547700881958,-144.63287472724917,378.4208240509033,1,train,data\train_data\image_651.png
image_652,-166.96629881858826,224.2026462554932,-98.76749753952026,372.774688243866,1,val,data\train_data\image_652.png
image_653,821.5662002563477,222.2450771331787,878.1313705444336,385.0320258140564,0,train,data\train_data\image_653.png
image_654,-206.67353868484497,228.7855758666992,-117.98713445663452,366.46710538864136,1,train,data\train_data\image_654.png
image_655,802.4439811706543,225.7899990081787,915.03830909729,400.91216230392456,0,train,data\train_data\image_655.png
image_656,823.0090141296387,226.9966926574707,916.0723114013672,373.6355628967285,1,train,data\train_data\image_656.png
image_657,-299.6357488632202,219.72643280029297,-201.45632028579712,419.7416236400604,0,train,data\train_data\image_657.png
image_658,825.6653022766113,220.8882656097412,946.144208908081,423.26281690597534,1,val,data\train_data\image_658.png
image_659,846.6158866882324,221.81492233276367,881.7117118835449,387.8998937606812,1,val,data\train_data\image_659.png
image_660,-246.57920837402344,222.5488319396973,-165.9339165687561,400.1491990089417,1,train,data\train_data\image_660.png
image_661,-200.0464224815369,221.4396705627441,-162.20476627349854,381.3426151275635,1,val,data\train_data\image_661.png
image_663,-182.80966758728027,222.2523727416992,-148.74907851219177,377.0554437637329,1,train,data\train_data\image_663.png
image_664,852.7197360992432,224.61351776123047,929.3174457550048,384.3459596633911,0,val,data\train_data\image_664.png
image_665,-161.0467493534088,227.098258972168,-92.05816626548769,350.2791872024536,1,val,data\train_data\image_665.png
image_666,852.2403717041016,224.47369956970212,954.2891120910645,401.3171901702881,1,train,data\train_data\image_666.png
image_667,-192.74778842926025,223.2010307312012,-159.94628190994263,367.4769320487976,0,val,data\train_data\image_667.png
image_669,-180.26515245437625,227.72851371765137,-90.76807737350464,372.3046865463257,0,val,data\train_data\image_669.png
image_670,859.3629455566406,224.0761318206787,930.011043548584,385.4722156524658,0,val,data\train_data\image_670.png
image_671,-304.2161464691162,221.0893383026123,-191.09213590621948,420.1837804317474,0,train,data\train_data\image_671.png
image_672,821.7000102996826,228.48368072509768,912.6135063171388,373.1947865486145,1,train,data\train_data\image_672.png
image_673,825.5389595031738,225.3820171356201,883.324728012085,360.0712027549744,0,train,data\train_data\image_673.png
image_674,794.6622276306152,226.48943328857425,840.6514263153076,346.0844268798828,1,val,data\train_data\image_674.png
image_675,795.4966735839844,227.35037231445312,890.0162601470947,376.6861357688904,0,train,data\train_data\image_675.png
image_676,-192.16506242752075,226.75196075439453,-108.24631690979004,380.6585731506348,0,train,data\train_data\image_676.png
image_677,-148.21417093276978,229.1712417602539,-90.9460473060608,345.6696071624756,0,train,data\train_data\image_677.png
image_678,828.6892032623291,214.22265434265137,903.4906482696532,447.589791059494,1,train,data\train_data\image_678.png
image_679,-316.96189641952515,222.3545684814453,-169.9628734588623,447.4857177734375,0,train,data\train_data\image_679.png
image_680,-237.66000509262085,220.50325775146484,-106.18726015090942,434.3297650814056,1,train,data\train_data\image_680.png
image_681,824.3772411346436,224.549430847168,931.3157558441162,401.9929995536804,1,train,data\train_data\image_681.png
image_682,790.4540348052979,229.3254508972168,870.1014804840088,350.7161798477173,0,train,data\train_data\image_682.png
image_684,-196.47284030914307,222.94625663757324,-133.82046103477478,384.6042098999024,1,train,data\train_data\image_684.png
image_685,-260.7624077796936,218.003324508667,-192.78634786605835,419.40165185928345,0,val,data\train_data\image_685.png
image_686,843.8119697570801,225.1752223968506,959.3460845947266,404.64382314682007,0,val,data\train_data\image_686.png
image_687,-205.8841323852539,225.46244049072263,-126.39257669448853,371.0668435096741,0,train,data\train_data\image_687.png
image_689,-220.00443935394287,215.36128425598145,-174.71776485443115,426.15499997138977,1,train,data\train_data\image_689.png
image_690,-207.81633138656616,217.968563079834,-156.72740578651428,411.06520318984985,1,train,data\train_data\image_690.png
image_693,787.5060939788818,227.5958194732666,888.971529006958,382.678126335144,1,val,data\train_data\image_693.png
image_695,-162.99465537071228,229.67852973937988,-90.10778188705444,353.3187093734741,0,train,data\train_data\image_695.png
image_696,-186.66629791259768,226.8732967376709,-99.95769023895264,370.024272441864,1,train,data\train_data\image_696.png
image_699,794.8532867431641,223.72711563110352,866.5522956848145,376.9438996315002,1,train,data\train_data\image_699.png
image_700,-299.6578073501587,222.11464309692383,-159.0130341053009,436.4559235572815,1,train,data\train_data\image_700.png
image_701,-244.31920051574707,219.08459091186523,-165.71958661079407,419.1244044303894,1,train,data\train_data\image_701.png
image_702,-156.74209356307983,225.05474472045896,-121.59469485282898,352.9444589614868,1,train,data\train_data\image_702.png
image_703,-229.13886308670044,219.89609146118164,-146.01012468338013,410.8716764450073,1,train,data\train_data\image_703.png
image_704,-200.73877573013303,228.350700378418,-119.307199716568,356.6357078552246,0,train,data\train_data\image_704.png
image_705,822.6402854919434,219.76534271240237,867.5958251953125,394.6191349029541,1,train,data\train_data\image_705.png
image_706,-193.2229042053223,224.4677772521973,-149.00508999824524,366.5211143493652,0,train,data\train_data\image_706.png
image_708,802.1878623962402,226.35888481140137,857.0740127563477,352.096022605896,1,train,data\train_data\image_708.png
image_709,-181.80572748184204,222.8523292541504,-145.11308670043945,371.2914481163025,0,train,data\train_data\image_709.png
image_710,828.1464099884033,224.34915924072263,906.9075679779052,376.7376914024353,0,train,data\train_data\image_710.png
image_712,-239.5159649848938,223.12209510803223,-122.75014758110046,407.4966278076172,0,train,data\train_data\image_712.png
image_714,-225.92506170272827,226.65634536743164,-122.96414494514464,388.4002652168274,1,train,data\train_data\image_714.png
image_715,853.0101871490479,217.4011936187744,920.8452701568604,425.5145993232727,0,train,data\train_data\image_715.png
image_716,844.5909690856934,217.1269645690918,943.2564353942872,436.2837364673615,0,train,data\train_data\image_716.png
image_717,-225.5746579170227,212.7588405609131,-169.75046396255493,452.4235179424286,1,train,data\train_data\image_717.png
image_719,870.7097625732422,221.25685119628903,929.192304611206,392.7762713432312,1,train,data\train_data\image_719.png
image_720,-308.9000129699707,217.57108116149905,-177.229825258255,444.7155430316925,0,train,data\train_data\image_720.png
image_721,-176.70846819877625,229.76101303100583,-95.86828708648682,357.10415744781494,0,train,data\train_data\image_721.png
image_722,853.5243988037109,223.61007118225095,966.270990371704,413.2902851104736,1,train,data\train_data\image_722.png
image_723,796.452226638794,224.9297752380371,905.3184127807616,404.2036762237549,1,train,data\train_data\image_723.png
image_724,-231.45081996917725,217.36116790771484,-186.21418476104736,413.565658569336,1,train,data\train_data\image_724.png
image_725,878.6703014373779,218.45942878723145,922.4988842010498,404.7875323295593,1,train,data\train_data\image_725.png
image_727,-182.01614141464236,228.7398567199707,-110.20892143249512,355.56365394592285,0,train,data\train_data\image_727.png
image_729,-165.96935391426086,226.86002159118647,-118.51611971855164,348.8201656341553,0,train,data\train_data\image_729.png
image_730,-185.6669497489929,227.18989753723145,-86.24260067939758,380.9214940071106,1,val,data\train_data\image_730.png
image_731,-232.81861782073972,222.3586883544922,-118.66584062576294,414.4701638221741,1,train,data\train_data\image_731.png
image_732,829.5270824432373,222.1202220916748,916.1858654022216,403.468150138855,1,val,data\train_data\image_732.png
image_735,-201.88719034194943,228.41664695739743,-116.58331990242004,370.7978286743164,1,train,data\train_data\image_735.png
image_736,794.9663257598877,227.88166427612305,867.575740814209,359.036256313324,0,train,data\train_data\image_736.png
image_737,-181.13476753234863,226.856559753418,-114.66703176498412,350.6331386566162,0,train,data\train_data\image_737.png
image_738,782.5636196136475,224.96613883972168,870.1558113098145,380.8686938285828,1,train,data\train_data\image_738.png
image_739,-228.73820543289185,217.3474349975586,-112.65994548797607,444.5644345283508,1,train,data\train_data\image_739.png
image_740,797.2663307189941,227.094482421875,862.1615409851074,360.3593935966492,1,train,data\train_data\image_740.png
image_741,-192.77707815170288,223.65996742248532,-129.8606514930725,372.9832210540772,0,train,data\train_data\image_741.png
image_742,849.2000770568848,224.0596237182617,898.2996940612793,366.18974351882935,0,val,data\train_data\image_742.png
image_743,803.2737064361572,228.9610996246338,876.7807388305664,346.8849124908447,0,val,data\train_data\image_743.png
image_745,-298.5840654373169,223.8421859741211,-177.14086174964905,414.3892183303833,0,train,data\train_data\image_745.png
image_746,822.6211452484131,225.84069633483887,917.3210620880128,387.387713432312,0,train,data\train_data\image_746.png
image_747,-190.14439344406128,223.84825134277344,-138.27244520187378,371.76105642318726,0,val,data\train_data\image_747.png
image_748,-229.11262035369876,219.70074081420896,-187.5727343559265,400.3512659072876,1,train,data\train_data\image_748.png
image_750,878.0820178985596,216.4285888671875,966.699285507202,436.2654616832733,0,train,data\train_data\image_750.png
image_751,848.4688854217529,218.99999046325684,962.1299171447754,428.5131516456604,1,train,data\train_data\image_751.png
image_753,843.1760501861572,214.25675773620603,958.5385894775392,454.7333272695541,0,train,data\train_data\image_753.png
image_754,-280.2842116355896,219.175199508667,-152.52266764640808,434.1781702041626,0,val,data\train_data\image_754.png
image_755,815.7575225830078,221.0523166656494,858.780927658081,385.8972706794739,1,train,data\train_data\image_755.png
image_758,830.7867336273193,223.69367027282715,939.451732635498,400.42590284347534,0,train,data\train_data\image_758.png
image_760,874.9207019805908,220.97169303894043,915.492868423462,385.608829498291,0,train,data\train_data\image_760.png
image_761,-266.0462737083435,222.37090492248532,-160.44337034225464,426.3998498916626,0,train,data\train_data\image_761.png
image_763,-275.0760269165039,221.79057502746585,-176.4500641822815,418.38319206237793,1,train,data\train_data\image_763.png
image_764,812.1593284606934,227.8404083251953,869.827938079834,351.5929546356201,1,val,data\train_data\image_764.png
image_765,847.5789928436279,218.4954776763916,893.6448383331299,405.8091464042664,1,train,data\train_data\image_765.png
image_767,822.1302795410156,224.4002285003662,936.2536811828612,405.77377700805664,0,train,data\train_data\image_767.png
image_769,834.1662311553955,226.36369132995603,936.5800094604492,388.3913745880127,0,train,data\train_data\image_769.png
image_770,837.7972984313965,225.10103607177732,879.2397880554199,358.0465211868286,0,train,data\train_data\image_770.png
image_771,844.8682880401611,222.5648536682129,888.6670017242432,373.68488693237305,1,train,data\train_data\image_771.png
image_773,-216.51679515838623,225.76676750183103,-111.77343249320984,402.2927417755127,0,train,data\train_data\image_773.png
image_774,-192.2069263458252,226.2109413146973,-129.2421019077301,356.6479244232178,0,train,data\train_data\image_774.png
image_775,-267.7248215675354,215.1497974395752,-167.13296055793762,453.2472440004349,0,train,data\train_data\image_775.png
image_776,821.5204524993896,224.2596950531006,881.7519664764404,375.0474491119385,1,val,data\train_data\image_776.png
image_777,-179.8155176639557,223.26302909851077,-147.21774101257324,366.053759098053,0,train,data\train_data\image_777.png
image_778,821.9353580474854,227.58245849609372,917.7366542816162,378.80276346206665,1,val,data\train_data\image_778.png
image_779,-189.6277356147766,224.52207946777344,-129.17345881462097,363.5498561859131,0,train,data\train_data\image_779.png
image_780,-219.23400163650516,223.96014595031735,-97.1507477760315,414.6298017501831,1,train,data\train_data\image_780.png
image_781,838.0699825286865,225.6270351409912,910.4156398773192,373.9631929397583,0,val,data\train_data\image_781.png
image_782,844.390811920166,225.1967086791992,927.4283123016356,390.9054055213928,0,train,data\train_data\image_782.png
image_783,-181.28904819488525,223.304313659668,-146.86720848083496,369.4392147064209,1,train,data\train_data\image_783.png
image_784,906.6362571716307,218.38366889953613,1009.883451461792,443.6900165081024,0,train,data\train_data\image_784.png
image_785,-181.25619649887085,227.6445713043213,-106.38780355453493,355.7835807800293,0,train,data\train_data\image_785.png
image_786,-273.97529125213623,215.58138275146484,-224.210057258606,430.7974996566773,1,val,data\train_data\image_786.png
image_787,867.581148147583,221.14160919189453,955.673303604126,413.5553374290466,1,train,data\train_data\image_787.png
image_788,-203.76638889312744,226.84860610961917,-120.22225141525269,364.9566140174866,0,train,data\train_data\image_788.png
image_791,791.4865779876709,226.11017608642575,890.149040222168,379.2907967567444,1,train,data\train_data\image_791.png
image_793,-226.94666147232056,219.81483840942383,-165.5018985271454,405.20853900909424,0,train,data\train_data\image_793.png
image_794,847.5380516052246,220.16883277893064,963.4305095672609,439.8434391021729,0,train,data\train_data\image_794.png
image_795,-227.80033349990845,223.25853729248047,-107.16459274291992,414.2782964706421,1,train,data\train_data\image_795.png
image_796,-178.75499367713928,223.2745304107666,-86.86978161334991,386.4253153800965,1,train,data\train_data\image_796.png
image_797,-286.8480062484741,222.5102653503418,-182.5849199295044,406.1701788902282,0,val,data\train_data\image_797.png
image_798,-183.94265413284305,225.87336921691892,-98.08231115341188,373.07121896743774,1,val,data\train_data\image_798.png
image_800,-273.9276337623596,214.2212810516357,-223.3743667602539,440.3649892807007,1,train,data\train_data\image_800.png
image_801,-247.78096675872803,224.765323638916,-150.0792396068573,400.5639472007752,0,train,data\train_data\image_801.png
image_802,866.3172054290771,216.9644870758057,958.051586151123,429.5058479309082,0,train,data\train_data\image_802.png
image_803,833.9891624450684,225.18074417114255,872.4447441101074,356.2354221343994,0,train,data\train_data\image_803.png
image_804,815.172929763794,226.96979904174805,922.7464199066162,393.8174476623535,1,train,data\train_data\image_804.png
image_805,795.9198188781738,228.4149875640869,854.5196914672852,347.5451936721802,1,train,data\train_data\image_805.png
image_807,850.0188159942627,222.94479751586917,949.423885345459,410.5403056144714,0,train,data\train_data\image_807.png
image_808,817.7402973175049,219.50536155700684,914.970588684082,416.41419315338135,1,train,data\train_data\image_808.png
image_809,813.8481330871582,226.6707363128662,876.1110019683838,352.6022090911865,1,train,data\train_data\image_809.png
image_811,802.099027633667,227.69747161865237,881.872730255127,366.5646662712097,1,train,data\train_data\image_811.png
image_812,-186.821973323822,229.84518432617188,-114.9172067642212,351.46726989746094,1,val,data\train_data\image_812.png
image_813,932.9444789886476,214.01872062683103,984.4411754608154,440.1260437965393,0,train,data\train_data\image_813.png
image_814,-186.17839336395264,227.6665153503418,-100.4696273803711,375.9447374343872,0,train,data\train_data\image_814.png
image_815,-286.48558616638184,214.07911682128903,-199.18612003326416,451.55040168762207,0,train,data\train_data\image_815.png
image_816,-175.79057335853577,221.74279594421387,-131.67308449745178,381.5834918022156,1,train,data\train_data\image_816.png
image_817,-151.38256788253784,226.89870262146,-101.640465259552,346.99328804016113,0,train,data\train_data\image_817.png
image_819,851.9300079345703,224.8847999572754,947.7581691741944,401.5330758094788,0,train,data\train_data\image_819.png
image_821,-249.45627450942996,214.5373954772949,-197.1751070022583,439.3641641139984,0,train,data\train_data\image_821.png
image_823,-188.7184238433838,223.69412803649905,-140.3619933128357,368.2761731147766,1,val,data\train_data\image_823.png
image_824,810.4698371887207,224.57855606079104,917.1927452087402,401.66432523727417,1,train,data\train_data\image_824.png
image_826,-239.1665267944336,224.3957939147949,-123.1656539440155,414.0230216979981,0,train,data\train_data\image_826.png
image_827,-248.72918128967285,225.90707206726077,-140.5122184753418,400.7431974411011,0,train,data\train_data\image_827.png
image_828,815.4160022735596,227.5647201538086,901.5484714508056,365.3060522079468,0,val,data\train_data\image_828.png
image_829,-222.57732152938843,222.78363609313965,-119.9172306060791,402.72050762176514,0,train,data\train_data\image_829.png
image_830,-166.05998039245603,229.5312442779541,-87.55299925804138,353.22948837280273,0,train,data\train_data\image_830.png
image_831,801.5092849731445,227.1672096252441,902.2991466522216,382.9634346961975,1,train,data\train_data\image_831.png
image_833,818.6938762664795,224.83212852478027,930.8353614807128,398.7333574295044,0,train,data\train_data\image_833.png
image_834,-197.34902143478396,219.9046173095703,-159.607754945755,393.5526313781738,1,train,data\train_data\image_834.png
image_835,-227.2303318977356,223.2241477966309,-139.9325931072235,397.03805112838745,0,train,data\train_data\image_835.png
image_836,863.4064292907715,216.9178810119629,908.4210205078124,416.7076411247253,1,val,data\train_data\image_836.png
image_837,839.1081047058105,218.44294929504397,890.1730728149414,405.8201899528504,0,val,data\train_data\image_837.png
image_839,836.9168472290039,224.73250770568848,932.8553867340088,403.2039561271668,1,val,data\train_data\image_839.png
image_841,856.4231586456299,220.9151306152344,898.6641311645508,387.7732148170471,1,train,data\train_data\image_841.png
image_842,-201.7361068725586,221.5219821929932,-135.38545489311218,394.5620789527893,1,train,data\train_data\image_842.png
image_843,818.2485008239746,226.5332069396973,864.2467975616455,347.0723524093628,1,train,data\train_data\image_843.png
image_844,-177.20782041549683,222.13203811645508,-119.58149313926695,386.9897952079773,1,val,data\train_data\image_844.png
image_845,803.2283878326416,228.1173839569092,891.6091918945312,366.3153281211853,0,train,data\train_data\image_845.png
image_846,-187.2065806388855,229.6650257110596,-112.27176547050476,352.2165288925171,1,train,data\train_data\image_846.png
image_847,-242.45285511016849,223.88052368164065,-124.74055051803587,419.2080714702606,0,val,data\train_data\image_847.png
image_848,920.6489753723145,215.0252571105957,967.912073135376,428.2685770988464,0,train,data\train_data\image_848.png
image_849,838.6423873901367,218.5815372467041,903.8044452667236,415.4488840103149,1,train,data\train_data\image_849.png
image_850,803.6537647247314,229.1789093017578,887.9612159729004,358.11142349243164,0,train,data\train_data\image_850.png
image_851,-170.04306077957153,223.53116416931152,-116.7638111114502,371.6369738578797,1,train,data\train_data\image_851.png
image_852,-265.1301383972168,220.11355781555176,-168.6533224582672,433.2263185977936,1,train,data\train_data\image_852.png
image_853,807.2541904449463,225.7772102355957,873.3695697784424,362.1033229827881,1,train,data\train_data\image_853.png
image_854,-193.6827635765076,227.80613327026367,-114.43884015083312,370.2929940223694,0,train,data\train_data\image_854.png
image_855,-283.31090211868286,216.8735637664795,-218.53418111801147,424.028258562088,0,train,data\train_data\image_855.png
image_856,883.3617210388184,219.1724529266357,994.358139038086,445.2301373481751,0,train,data\train_data\image_856.png
image_857,-201.99186086654663,222.46088409423828,-128.38252902030945,388.13898944854736,1,train,data\train_data\image_857.png
image_858,826.0175514221191,223.58203315734863,868.1328678131104,366.5971817970276,1,train,data\train_data\image_858.png
image_859,-284.72062826156616,224.8664035797119,-167.7701997756958,411.1233606338501,1,train,data\train_data\image_859.png
image_864,-227.7587056159973,219.9939670562744,-170.889630317688,397.99527072906494,0,train,data\train_data\image_864.png
image_867,-187.8655457496643,224.29500007629397,-145.50297260284424,363.4565725326538,0,train,data\train_data\image_867.png
image_868,859.7767353057861,214.63578605651853,936.1732578277588,447.470675945282,0,train,data\train_data\image_868.png
image_869,819.2362403869629,226.28941917419436,921.8621063232422,387.2244062423706,1,train,data\train_data\image_869.png
image_870,-161.81161880493164,229.5652618408203,-82.8440648317337,355.23266220092773,0,train,data\train_data\image_870.png
image_872,802.1662330627441,229.5056667327881,879.4029521942139,348.60453033447266,1,train,data\train_data\image_872.png
image_873,-216.378436088562,226.04062461853027,-134.51303958892822,384.8959770202637,1,train,data\train_data\image_873.png
image_876,-253.37429523468015,219.98546981811523,-178.80745768547058,417.2956171035767,1,train,data\train_data\image_876.png
image_877,831.3943290710449,226.63065338134768,911.748504638672,373.4236612319946,0,train,data\train_data\image_877.png
image_878,-178.6244022846222,221.69664764404297,-141.94855213165283,380.6906595230103,1,train,data\train_data\image_878.png
image_879,-162.92566895484924,222.8698387145996,-129.53428030014038,369.3410816192627,1,train,data\train_data\image_879.png
image_880,-198.3583688735962,220.10949516296387,-146.71194076538086,396.99248933792114,0,train,data\train_data\image_880.png
image_881,-191.4098811149597,227.68648529052732,-123.6313819885254,351.5794649124145,0,train,data\train_data\image_881.png
image_882,-253.51640939712524,224.73064804077148,-152.75453925132751,391.06916332244873,0,train,data\train_data\image_882.png
image_884,-270.0779986381531,224.8012294769287,-160.23110032081604,397.8660526275635,0,train,data\train_data\image_884.png
image_885,-182.40873098373413,226.9904556274414,-94.81438279151917,367.8442158699036,1,val,data\train_data\image_885.png
image_886,823.6160087585449,221.11405754089355,913.6078548431396,415.20031118392944,1,train,data\train_data\image_886.png
image_887,818.5224723815918,226.58788108825684,873.9763069152832,356.9759693145752,0,val,data\train_data\image_887.png
image_888,-201.9172739982605,215.0438537597656,-129.91292238235474,434.5657207965851,1,train,data\train_data\image_888.png
image_889,821.3026142120361,226.89438247680664,892.565860748291,369.9532117843628,0,train,data\train_data\image_889.png
image_890,-139.07076716423035,225.9248104095459,-106.68153762817384,346.28564262390137,0,train,data\train_data\image_890.png
image_891,-202.9856300354004,223.24806594848636,-140.7308828830719,373.4778060913086,1,val,data\train_data\image_891.png
image_892,807.5293636322021,224.37479400634768,928.013505935669,409.3304362297058,0,train,data\train_data\image_892.png
image_893,811.5085601806641,230.30549430847168,882.9006385803223,347.9614152908325,0,train,data\train_data\image_893.png
image_894,846.9356060028076,223.57416534423828,937.8301334381104,400.8570375442505,0,train,data\train_data\image_894.png
image_895,836.4026355743408,223.70391273498532,915.95721244812,382.5100555419922,1,val,data\train_data\image_895.png
image_896,817.5321578979492,228.1722297668457,896.7810916900635,361.6398801803589,1,val,data\train_data\image_896.png
image_897,795.9800720214844,228.2630100250244,855.3509616851807,349.7558917999268,1,val,data\train_data\image_897.png
image_899,-213.95451307296756,225.40456199646,-122.54703998565674,380.5289974212647,0,train,data\train_data\image_899.png
image_900,831.5802383422852,224.89166641235352,860.9312438964844,352.19560050964355,1,val,data\train_data\image_900.png
image_901,889.7594547271729,219.36797523498532,1017.2014617919922,439.1139783859253,0,val,data\train_data\image_901.png
image_903,814.8085784912109,225.70119285583496,841.6283512115479,346.35663890838623,1,train,data\train_data\image_903.png
image_904,889.0801906585693,220.0695552825928,1031.8553352355957,442.9894020557404,0,train,data\train_data\image_904.png
image_905,847.1259784698486,224.3325366973877,938.0590438842772,385.3083291053772,0,val,data\train_data\image_905.png
image_906,-172.48497605323792,228.8021697998047,-98.65917921066284,348.93128776550293,1,train,data\train_data\image_906.png
image_907,-181.1239957809448,229.42518615722656,-107.03550338745116,351.36963748931885,1,train,data\train_data\image_907.png
image_908,896.2996673583984,219.42110443115237,1018.0058670043944,434.81772327423096,0,train,data\train_data\image_908.png
image_910,827.7187156677246,222.28424453735352,936.7634296417236,428.56379532814026,0,train,data\train_data\image_910.png
image_911,-217.78013706207275,225.4927101135254,-141.93472266197205,375.1743998527527,1,val,data\train_data\image_911.png
image_912,-209.49262619018555,225.7020797729492,-127.75497794151306,370.192479133606,0,train,data\train_data\image_912.png
image_913,-219.3012499809265,221.63885498046875,-156.90366983413696,394.1324033737183,1,train,data\train_data\image_913.png
image_914,811.8414115905762,227.49665641784668,908.007230758667,380.4862322807312,0,val,data\train_data\image_914.png
image_915,915.7820320129396,213.04239654541016,975.3249263763428,446.83886551857,1,train,data\train_data\image_915.png
image_916,810.644416809082,222.81041526794436,894.3193817138672,403.9439454078674,1,val,data\train_data\image_916.png
image_917,870.9853649139404,223.43629264831543,990.3334522247314,411.0822978019714,0,train,data\train_data\image_917.png
image_918,844.7668361663818,219.7324981689453,938.1975746154784,417.9134550094605,0,val,data\train_data\image_918.png
image_920,822.8506565093994,223.13740158081052,917.9128646850586,393.9412941932678,0,train,data\train_data\image_920.png
image_921,-264.2768740653992,223.36945915222168,-134.1418218612671,428.105988740921,0,train,data\train_data\image_921.png
image_922,-281.7004609107971,222.6878204345703,-177.58827567100525,414.3270125389099,0,train,data\train_data\image_922.png
image_923,884.4019031524658,217.76334190368647,938.688268661499,414.5622529983521,1,train,data\train_data\image_923.png
image_924,835.107364654541,217.5007286071777,902.1330642700196,418.6458125114441,1,train,data\train_data\image_924.png
image_927,-238.57131242752075,220.91201210021973,-159.2859971523285,409.3027844429016,1,train,data\train_data\image_927.png
image_928,853.0393695831299,219.83930015563965,986.6283130645752,442.9574980735779,1,train,data\train_data\image_928.png
image_929,824.622631072998,222.26410293579104,973.5254859924316,449.85088431835175,1,val,data\train_data\image_929.png
image_930,-212.46962070465088,217.2071590423584,-148.36897730827332,424.1623976230621,0,train,data\train_data\image_930.png
image_932,844.5858192443848,223.78765487670896,962.7799987792968,414.41534662246704,1,train,data\train_data\image_932.png
image_933,814.5843887329102,226.81661987304688,918.3566951751708,389.29143810272217,0,train,data\train_data\image_933.png
image_935,-185.9981918334961,223.83128547668457,-136.41188263893127,370.14806175231934,1,train,data\train_data\image_935.png
image_936,861.4276885986328,221.24188804626465,990.089693069458,432.99741888046265,1,train,data\train_data\image_936.png
image_938,857.1742630004883,223.1042137145996,911.037139892578,374.0043630599976,0,train,data\train_data\image_938.png
image_939,828.5999393463135,220.2387561798096,914.6639156341552,406.4422836303711,0,train,data\train_data\image_939.png
image_940,814.5565795898438,226.21139907836917,855.3110504150391,349.1350927352905,0,train,data\train_data\image_940.png
image_941,870.2251625061035,221.82164573669436,947.969913482666,402.62952709198,0,train,data\train_data\image_941.png
image_942,-255.80317497253415,222.93815994262692,-120.37428975105286,436.0495581626892,1,train,data\train_data\image_942.png
image_943,-165.69915890693665,225.5501880645752,-136.05056762695312,349.7025337219238,0,train,data\train_data\image_943.png
image_945,-219.34165477752688,220.1708641052246,-172.2819757461548,395.0371732711792,0,train,data\train_data\image_945.png
image_947,-175.61811804771423,224.94061851501465,-124.57360982894896,363.5890522003174,0,train,data\train_data\image_947.png
image_949,-182.48170852661133,225.01572036743164,-140.85723638534546,355.1857986450196,0,train,data\train_data\image_949.png
image_951,830.3610992431641,223.8736572265625,876.8088912963867,361.38260984420776,1,train,data\train_data\image_951.png
image_952,817.0890140533447,224.21595001220703,855.2614402770996,359.7345962524414,0,train,data\train_data\image_952.png
image_953,850.0609588623047,225.13920211791992,922.1506690979004,369.0438857078552,0,train,data\train_data\image_953.png
image_954,-205.8832097053528,220.8477249145508,-151.10254526138306,391.1104979515076,1,train,data\train_data\image_954.png
image_955,899.1922473907471,216.0609474182129,957.3536109924316,427.0699336528778,1,train,data\train_data\image_955.png
image_958,839.97971534729,218.1311836242676,915.0465488433838,417.4282541275024,1,train,data\train_data\image_958.png
image_959,-261.455340385437,217.91497611999512,-176.91176891326904,433.0179538726807,1,train,data\train_data\image_959.png
image_961,-222.9323387145996,224.3923320770264,-122.663254737854,405.7953062057495,1,train,data\train_data\image_961.png
image_963,-265.44777631759644,217.2368278503418,-209.8401117324829,424.5618751049042,1,train,data\train_data\image_963.png
image_964,-168.72418642044067,229.2162170410156,-90.80829977989195,350.4065456390381,0,train,data\train_data\image_964.png
image_965,794.7742366790771,226.44105339050293,899.7891998291016,389.3533434867859,1,train,data\train_data\image_965.png
image_966,835.1286506652832,225.426420211792,934.1608715057372,392.5707068443298,1,train,data\train_data\image_966.png
image_968,860.5286979675293,220.1332130432129,971.9982147216796,421.8456163406372,0,train,data\train_data\image_968.png
image_969,839.7503757476807,219.1220989227295,900.3085613250732,409.1058888435364,0,train,data\train_data\image_969.png
image_970,879.7546005249023,222.66504669189453,999.6385288238524,432.2969081401825,0,train,data\train_data\image_970.png
image_971,-181.23177766799927,228.9302864074707,-114.7002911567688,354.4075860977173,1,train,data\train_data\image_971.png
image_972,-177.46779084205627,229.0771713256836,-113.18694591522215,351.31592178344727,1,val,data\train_data\image_972.png
image_974,810.2362060546875,226.1368408203125,879.4570255279541,373.8579645156861,1,val,data\train_data\image_974.png
image_975,-300.33129930496216,220.5334987640381,-173.37918162345886,443.7102224826813,0,train,data\train_data\image_975.png
image_976,804.9777889251709,228.95017051696777,880.8953762054443,348.8219680786133,0,val,data\train_data\image_976.png
image_977,-183.60808610916135,225.37778282165527,-100.48670768737792,381.2997856140137,1,train,data\train_data\image_977.png
image_978,-187.03221559524536,224.44903755187988,-124.08175706863403,375.76591634750366,0,train,data\train_data\image_978.png
image_979,865.9594631195068,215.5073108673096,917.017650604248,429.31354427337646,1,train,data\train_data\image_979.png
image_980,857.1533203125,213.90771293640137,927.7362728118896,447.9858889579773,1,train,data\train_data\image_980.png
image_982,-227.08474159240723,217.2254695892334,-156.54062747955322,432.10144662857056,0,train,data\train_data\image_982.png
image_983,794.741792678833,228.18590545654297,883.1900596618652,370.9015908241272,1,train,data\train_data\image_983.png
image_984,855.9928035736084,221.5729084014893,989.0402412414552,442.36010575294495,0,train,data\train_data\image_984.png
image_985,-221.1354303359985,224.11226654052732,-117.20439076423644,394.5346417427063,0,train,data\train_data\image_985.png
image_986,814.9616146087646,226.2771167755127,902.867946624756,372.64102125167847,0,train,data\train_data\image_986.png
image_987,872.788667678833,221.71109580993647,947.0353889465332,393.327712059021,0,val,data\train_data\image_987.png
image_988,-213.1973147392273,223.6382522583008,-152.0591175556183,380.133189201355,1,train,data\train_data\image_988.png
image_989,834.5204544067383,223.58775520324707,953.5112285614014,412.9852643013001,1,train,data\train_data\image_989.png
image_993,-230.06664991378784,222.2894229888916,-148.15109610557556,408.0527892112732,1,train,data\train_data\image_993.png
image_994,850.3379344940186,219.8114051818848,939.168577194214,413.0384364128113,0,train,data\train_data\image_994.png
image_995,835.9073066711426,226.8900623321533,926.8881797790528,384.8087658882141,1,train,data\train_data\image_995.png
image_996,854.6315288543701,218.0859222412109,957.3294925689696,425.47228479385376,1,train,data\train_data\image_996.png
image_997,-283.06963205337524,223.7509479522705,-153.54686379432678,422.64898443222046,1,train,data\train_data\image_997.png
image_998,-247.07977294921875,226.10442543029785,-132.0724332332611,402.5986423492432,0,train,data\train_data\image_998.png
image_999,841.5641498565674,216.0333671569824,904.636402130127,431.3424208164215,1,train,data\train_data\image_999.png
image_1000,-234.06380653381348,227.4595775604248,-138.2507836818695,379.1891088485718,0,train,data\train_data\image_1000.png
image_1001,-195.74817180633545,225.63796424865723,-87.97619819641113,392.7053179740906,1,train,data\train_data\image_1001.png
image_1003,-205.0696849822998,226.19952583312988,-130.63246250152588,378.0185570716858,0,train,data\train_data\image_1003.png
image_1004,-160.4232108592987,224.98012924194336,-119.25739645957948,355.68025493621826,1,val,data\train_data\image_1004.png
image_1005,795.0722408294678,228.6588039398193,879.3706798553467,365.7649102210999,0,train,data\train_data\image_1005.png
image_1006,858.4817218780518,225.1049842834473,962.7878093719482,406.2089743614197,1,train,data\train_data\image_1006.png
image_1007,-260.4216384887696,223.98360633850095,-133.88513445854187,417.33487033844,0,val,data\train_data\image_1007.png
image_1008,-259.4011974334717,217.06199073791504,-207.2126626968384,421.47125148773193,0,val,data\train_data\image_1008.png
image_1009,-168.9951753616333,222.4161376953125,-132.17026948928833,375.54263496398926,0,train,data\train_data\image_1009.png
image_1010,868.0267810821533,216.93745040893555,970.1618671417236,439.1048445701599,0,train,data\train_data\image_1010.png
image_1011,-194.8596954345703,226.07275390625,-133.21943163871765,356.3597192764282,0,train,data\train_data\image_1011.png
image_1012,-315.095636844635,215.17268562316892,-245.30972957611084,438.7829151153565,0,train,data\train_data\image_1012.png
image_1013,801.1824417114258,226.0551586151123,863.8383293151855,365.792676448822,1,train,data\train_data\image_1013.png
image_1015,858.63450050354,224.76995849609372,957.698392868042,390.11828804016113,0,train,data\train_data\image_1015.png
image_1016,842.2923374176025,218.87127304077148,892.1532726287842,404.1587510108948,0,val,data\train_data\image_1016.png
image_1018,-328.5745310783386,218.82194900512692,-197.46875524520877,443.7427952289581,0,train,data\train_data\image_1018.png
image_1019,-231.8099570274353,223.78997230529785,-121.60786986351012,399.131139755249,1,train,data\train_data\image_1019.png
image_1020,801.6418933868408,221.11216926574707,875.5063247680664,397.448851108551,1,train,data\train_data\image_1020.png
image_1021,-158.6448311805725,224.83215713500977,-127.18377470970154,354.1100254058838,0,val,data\train_data\image_1021.png
image_1022,877.1588230133057,219.669527053833,990.724754333496,424.3310549259186,0,train,data\train_data\image_1022.png
image_1023,-206.5635251998901,216.62391090393064,-153.348069190979,421.9953694343567,1,train,data\train_data\image_1023.png
image_1024,-218.93882989883423,224.27162551879883,-130.83263039588928,382.8298034667969,1,val,data\train_data\image_1024.png
image_1025,-322.8818106651306,218.50454711914065,-218.2788348197937,442.68699193000793,1,train,data\train_data\image_1025.png
image_1026,834.0941333770752,224.1699447631836,873.6801910400391,361.5642919540405,0,val,data\train_data\image_1026.png
image_1027,-301.6653871536255,221.2743034362793,-159.85463619232178,452.4098619222641,1,train,data\train_data\image_1027.png
image_1028,-159.2540466785431,224.81167221069336,-130.3909456729889,352.5808515548706,0,train,data\train_data\image_1028.png
image_1029,-202.3005723953247,216.52800941467285,-141.66192054748535,431.66932487487793,1,train,data\train_data\image_1029.png
image_1030,-270.72505474090576,217.8754940032959,-190.58594942092896,424.7671248912811,0,val,data\train_data\image_1030.png
image_1031,-287.9615521430969,217.02376747131348,-214.85363245010376,431.358363866806,0,val,data\train_data\image_1031.png
image_1033,-262.3094415664673,213.81904983520508,-207.0122480392456,443.3545186519623,1,train,data\train_data\image_1033.png
image_1034,-173.75537753105164,224.0763893127441,-125.7858180999756,362.043863773346,0,train,data\train_data\image_1034.png
image_1035,830.8235549926758,218.7232723236084,872.0002269744873,403.62496280670166,1,train,data\train_data\image_1035.png
image_1036,-239.066641330719,220.9725513458252,-179.0013062953949,396.7713322639465,0,train,data\train_data\image_1036.png
image_1037,853.1365299224854,221.19502449035645,890.1381397247314,385.3170766830444,1,train,data\train_data\image_1037.png
image_1038,852.6511573791504,225.82856559753415,952.6955795288086,396.62688636779785,0,train,data\train_data\image_1038.png
image_1039,-218.9786982536316,216.71849632263184,-172.52827763557434,418.1875195503235,0,train,data\train_data\image_1039.png
image_1041,-178.27110171318054,222.12703132629397,-141.10410690307617,374.5815315246582,0,val,data\train_data\image_1041.png
image_1042,845.599479675293,215.8064308166504,949.8369884490968,441.2625887393952,0,train,data\train_data\image_1042.png
image_1043,828.6423397064209,223.2928123474121,948.4470462799072,412.1741786003113,1,val,data\train_data\image_1043.png
image_1044,860.269660949707,220.60759925842285,1000.1032161712646,444.2649962902069,1,val,data\train_data\image_1044.png
image_1045,-295.1053476333618,223.276762008667,-168.5131072998047,426.64763593673706,0,train,data\train_data\image_1045.png
image_1046,-236.79847955703733,212.02318572998047,-177.30790972709656,458.92545187473297,0,train,data\train_data\image_1046.png
image_1048,796.2277793884277,227.78321647644043,871.6147613525391,361.7503800392151,0,val,data\train_data\image_1048.png
image_1049,-151.47788286209106,224.16307830810547,-115.64004063606262,361.37050771713257,1,train,data\train_data\image_1049.png
image_1050,831.6627216339111,225.708345413208,932.9028511047364,383.450945854187,0,train,data\train_data\image_1050.png
image_1051,842.416877746582,217.5250186920166,908.5668468475342,418.8755955696106,1,val,data\train_data\image_1051.png
image_1054,-280.0032877922058,223.75518226623532,-152.50120997428894,424.0515830516815,1,train,data\train_data\image_1054.png
image_1056,835.8882522583008,218.22036170959475,912.5582313537598,419.1351404190064,0,train,data\train_data\image_1056.png
image_1057,-292.06801414489746,213.50825691223145,-220.7086157798767,446.5237846374512,0,train,data\train_data\image_1057.png
image_1058,-285.13158559799194,222.5788726806641,-188.3224654197693,412.57916355133057,0,train,data\train_data\image_1058.png
image_1059,834.8347663879395,224.0033473968506,869.8626136779785,362.36829662323,1,train,data\train_data\image_1059.png
image_1060,907.6221942901612,217.91620635986328,1038.753547668457,442.9508998394013,0,val,data\train_data\image_1060.png
image_1061,-213.9467453956604,215.44122123718265,-154.73376274108887,425.0109412670136,1,train,data\train_data\image_1061.png
image_1062,805.2042102813721,229.3364086151123,877.6595592498779,350.5475654602051,0,train,data\train_data\image_1062.png
image_1064,834.8776817321777,225.0391521453857,943.2387542724608,396.4498534202576,0,train,data\train_data\image_1064.png
image_1066,-286.14232778549194,222.2466220855713,-178.17192435264587,419.4140901565552,1,train,data\train_data\image_1066.png
image_1067,-231.52469873428345,221.72027969360352,-174.23623323440552,386.7234625816345,0,train,data\train_data\image_1067.png
image_1068,-277.71705865859985,224.49012184143064,-159.02090907096863,411.7707958221436,0,train,data\train_data\image_1068.png
image_1069,-168.12342524528503,223.6599102020264,-137.30457544326782,363.0314102172852,0,train,data\train_data\image_1069.png
image_1070,835.3870010375977,220.10011100769043,983.3266639709472,460.41358613967896,1,train,data\train_data\image_1070.png
image_1071,-158.9465582370758,222.48031044006348,-115.56999206542967,372.0536031723023,1,train,data\train_data\image_1071.png
image_1072,-190.07253170013428,216.9397392272949,-136.70995116233826,421.6020109653473,1,train,data\train_data\image_1072.png
image_1074,813.7017059326172,222.9309787750244,906.271390914917,405.0639643669128,0,train,data\train_data\image_1074.png
image_1075,-233.94066095352173,211.8576183319092,-169.98854756355286,458.36944603919983,1,train,data\train_data\image_1075.png
image_1076,823.7905883789062,221.78645515441892,866.9838523864746,381.2676420211792,1,train,data\train_data\image_1076.png
image_1078,-183.7204599380493,225.9833469390869,-131.77268028259277,361.3773670196533,1,train,data\train_data\image_1078.png
image_1079,-178.21963548660278,229.17619132995603,-104.46298599243164,352.9289665222168,1,train,data\train_data\image_1079.png
image_1080,-238.5497260093689,223.5396041870117,-154.07395005226135,399.3331923484802,0,val,data\train_data\image_1080.png
image_1081,828.9742469787598,224.81278800964355,884.8288249969482,358.16747093200684,0,train,data\train_data\image_1081.png
image_1082,-307.64158487319946,221.90976524353027,-183.93909215927124,436.250337600708,0,train,data\train_data\image_1082.png
image_1083,863.0676555633545,218.24579620361328,979.0041446685792,434.03835558891296,0,train,data\train_data\image_1083.png
image_1084,811.4600658416748,225.29263877868647,839.4072246551514,348.98802185058594,1,train,data\train_data\image_1084.png
image_1086,-218.6122226715088,223.8399543762207,-117.90489792823792,405.6144180297852,0,train,data\train_data\image_1086.png
image_1087,-216.81113004684448,220.055850982666,-120.6735384464264,417.367235660553,1,val,data\train_data\image_1087.png
image_1089,815.5681800842285,222.81473541259768,950.509557723999,429.8956050872803,1,train,data\train_data\image_1089.png
image_1090,-277.6268935203552,218.79674339294436,-169.07010555267334,445.9978177547455,0,val,data\train_data\image_1090.png
image_1091,-229.81724739074707,226.57463455200195,-139.48864459991455,381.5739288330078,1,val,data\train_data\image_1091.png
image_1092,-214.48262929916385,222.67168426513672,-145.58818101882937,384.8263039588928,1,train,data\train_data\image_1092.png
image_1093,-159.92739915847778,228.0882873535156,-78.59257578849792,358.6444034576416,1,train,data\train_data\image_1093.png
image_1095,-265.0720739364624,221.43658065795896,-126.8542492389679,434.1045060157776,1,train,data\train_data\image_1095.png
image_1097,-179.61779594421387,223.65879440307617,-110.56758642196657,376.2471475601196,1,train,data\train_data\image_1097.png
image_1098,858.0508518218994,222.09109687805176,1008.4929943084716,452.0304706096649,0,train,data\train_data\image_1098.png
image_1100,863.4109783172607,220.9268035888672,905.4756546020508,384.8548498153687,1,train,data\train_data\image_1100.png
image_1101,813.7826442718506,226.67911911010745,882.9009819030762,353.0680122375488,0,train,data\train_data\image_1101.png
image_1104,-258.42867136001587,222.43722343444824,-155.2279543876648,421.424681186676,1,train,data\train_data\image_1104.png
image_1105,850.581865310669,224.4354763031006,960.9517192840576,399.7806921005249,0,train,data\train_data\image_1105.png
image_1106,866.5159893035889,215.11889839172363,965.1282405853271,450.5366017818451,0,train,data\train_data\image_1106.png
image_1107,862.2961235046387,217.3506965637207,961.754665374756,433.43721532821655,1,train,data\train_data\image_1107.png
image_1108,-177.8124439716339,228.30572509765625,-98.80937218666077,365.80609464645386,0,train,data\train_data\image_1108.png
image_1109,824.8710250854492,223.8602104187012,862.8607177734375,364.1282048225403,1,val,data\train_data\image_1109.png
image_1110,844.2311668395996,224.63363075256348,934.2484188079834,399.4807424545288,1,train,data\train_data\image_1110.png
image_1111,825.0026035308838,224.35290718078613,877.4442958831787,368.651997089386,0,train,data\train_data\image_1111.png
image_1113,841.11328125,221.75097846984863,896.7859840393066,386.05087900161743,1,train,data\train_data\image_1113.png
image_1116,-245.4301929473877,222.3234691619873,-156.89633131027222,407.8965272903442,0,train,data\train_data\image_1116.png
image_1118,-185.76842308044436,224.24367332458496,-107.58652567863464,388.5887494087219,0,train,data\train_data\image_1118.png
image_1121,-263.4553456306457,217.0175876617432,-201.9083261489868,421.365597486496,0,val,data\train_data\image_1121.png
image_1123,830.7629585266113,228.13990020751956,921.6341400146484,372.0270957946777,0,train,data\train_data\image_1123.png
image_1124,-222.82646656036377,225.8980312347412,-147.54021763801575,380.8079042434693,1,train,data\train_data\image_1124.png
image_1126,-223.64260911941528,218.6687412261963,-161.13700032234192,408.9659204483032,0,train,data\train_data\image_1126.png
image_1129,835.8462810516357,225.3267993927002,872.4958992004395,353.12962436676025,1,train,data\train_data\image_1129.png
image_1131,-227.4280858039856,225.56761169433597,-107.96540379524232,408.8456788063049,1,train,data\train_data\image_1131.png
image_1136,-213.29335927963257,222.86096954345703,-145.34732937812805,382.82954597473145,1,train,data\train_data\image_1136.png
image_1137,-173.42130303382874,229.33197402954104,-102.38811492919922,349.010838508606,1,train,data\train_data\image_1137.png
image_1138,828.160400390625,226.3781681060791,872.2920513153076,352.8078451156616,1,val,data\train_data\image_1138.png
image_1139,-169.01769518852234,225.8703651428223,-90.84843635559082,366.7025532722473,1,train,data\train_data\image_1139.png
image_1140,-181.21025562286377,229.08904457092285,-101.96935772895812,356.17957496643066,0,train,data\train_data\image_1140.png
image_1142,-252.48412370681763,214.1194000244141,-168.98792266845703,456.27810084819794,1,train,data\train_data\image_1142.png
image_1143,805.5974006652832,224.1088047027588,906.0645389556884,388.6804451942444,1,train,data\train_data\image_1143.png
image_1144,-175.27344346046448,224.4620265960693,-132.46987223625183,361.0194959640503,1,train,data\train_data\image_1144.png
image_1145,-292.19388484954834,221.507905960083,-136.6098403930664,464.4385635256767,0,train,data\train_data\image_1145.png
image_1146,811.366081237793,218.54176902771,889.929141998291,416.8347134590149,1,train,data\train_data\image_1146.png
image_1147,830.1941585540771,226.5004768371582,922.9298400878906,379.6059241294861,0,train,data\train_data\image_1147.png
image_1148,-219.51078414916992,228.4681453704834,-126.8580150604248,374.16976594924927,0,train,data\train_data\image_1148.png
image_1149,852.7767276763916,221.6572799682617,921.8818473815918,385.0327911376953,0,train,data\train_data\image_1149.png
image_1150,822.6000308990479,221.91791915893555,869.8162651062012,375.2409472465515,0,val,data\train_data\image_1150.png
image_1151,868.9462852478027,214.4229831695557,940.2458381652832,444.6062090396881,1,train,data\train_data\image_1151.png
image_1152,879.6813011169434,216.20548629760745,995.6363296508788,446.7600657939911,1,train,data\train_data\image_1152.png
image_1153,844.2452430725098,223.29856300354004,884.0384101867676,367.1966519355774,0,train,data\train_data\image_1153.png
image_1154,-149.525728225708,224.7975673675537,-117.75240898132324,351.26576805114746,1,train,data\train_data\image_1154.png
image_1155,-206.61440134048465,220.0628318786621,-141.40986800193787,402.3718061447144,0,train,data\train_data\image_1155.png
image_1156,882.4826431274414,213.5963191986084,943.0119037628174,446.8032600879669,0,train,data\train_data\image_1156.png
image_1158,806.1317825317383,227.57739448547363,887.1755218505859,360.4800715446472,0,train,data\train_data\image_1158.png
image_1159,808.3677577972412,224.6724548339844,913.7961673736572,403.1641592979431,0,train,data\train_data\image_1159.png
image_1160,818.6270999908447,223.97236251831052,929.2353057861328,405.48913383483887,1,val,data\train_data\image_1160.png
image_1161,819.807014465332,222.93778800964355,871.8133735656738,378.0054249763489,0,train,data\train_data\image_1161.png
image_1162,831.9277667999268,224.90754508972168,871.1959934234619,355.2339496612549,0,train,data\train_data\image_1162.png
image_1164,-240.9477496147156,225.20938301086423,-140.41025161743164,396.9707098007202,0,train,data\train_data\image_1164.png
image_1165,-204.9833393096924,221.23456382751465,-159.99241590499878,386.3061037063599,0,train,data\train_data\image_1165.png
image_1166,-183.3850336074829,228.50390815734863,-97.38002300262453,362.1829595565796,0,train,data\train_data\image_1166.png
image_1167,-245.1764988899231,225.3578987121582,-140.02504348754883,399.3760504722595,0,train,data\train_data\image_1167.png
image_1168,-172.98433899879456,223.0653896331787,-110.92085480690002,382.1203055381775,1,train,data\train_data\image_1168.png
image_1169,-254.1971755027771,225.1465549468994,-142.92245149612427,403.90971326828,0,train,data\train_data\image_1169.png
image_1171,882.3891735076904,219.80270767211917,975.7655811309814,409.7420301437378,0,train,data\train_data\image_1171.png
image_1172,821.0699272155762,221.3116111755371,941.8137073516846,440.8637299537658,1,train,data\train_data\image_1172.png
image_1173,834.581823348999,226.0440578460693,903.4811210632324,356.55720138549805,0,train,data\train_data\image_1173.png
image_1174,898.5540962219238,213.35670852661133,959.7507762908936,447.36623072624207,1,val,data\train_data\image_1174.png
image_1177,-189.368999004364,220.18142127990723,-132.9011607170105,393.1954255104065,1,train,data\train_data\image_1177.png
image_1178,-294.7657370567322,221.69561767578125,-167.978618144989,425.9086658954621,0,train,data\train_data\image_1178.png
image_1179,841.5288734436035,225.91571235656735,930.3814029693604,385.96089267730713,1,train,data\train_data\image_1179.png
image_1183,-320.1879072189331,222.43805313110352,-177.2436761856079,440.2497866153717,0,train,data\train_data\image_1183.png
image_1184,-285.5161499977112,220.26951217651367,-190.1199531555176,424.72025060653687,1,val,data\train_data\image_1184.png
image_1185,825.9843349456787,225.35993003845212,888.3245372772217,369.6777453422546,0,train,data\train_data\image_1185.png
image_1186,797.3869228363037,227.13748359680176,880.4033088684082,371.3093008995056,0,train,data\train_data\image_1186.png
image_1187,807.48610496521,223.28068161010745,884.4900512695312,377.9298796653748,1,train,data\train_data\image_1187.png
image_1188,827.303466796875,224.93981742858887,882.92724609375,367.3508539199829,0,val,data\train_data\image_1188.png
image_1189,816.9369220733643,225.0883617401123,844.6941375732422,351.4641227722168,0,val,data\train_data\image_1189.png
image_1191,-249.96949911117557,219.0769805908203,-170.0950312614441,422.3002150058746,1,train,data\train_data\image_1191.png
image_1192,-219.72347259521484,223.82175827026367,-155.93159437179563,379.23211002349854,0,train,data\train_data\image_1192.png
image_1193,-147.9348349571228,228.48247909545896,-88.48044276237488,346.60486125946045,0,train,data\train_data\image_1193.png
image_1194,872.4027729034424,223.2285251617432,995.0788593292236,424.4083847999573,1,train,data\train_data\image_1194.png
image_1195,-216.5050792694092,214.0833225250244,-150.77024102211,444.63265204429626,1,train,data\train_data\image_1195.png
image_1196,789.5051765441895,228.65545654296875,879.0994548797607,367.48960638046265,0,val,data\train_data\image_1196.png
image_1197,805.2745914459229,224.80512046813965,882.9172897338867,373.2269444465637,1,train,data\train_data\image_1197.png
image_1198,788.6400890350342,226.4147319793701,841.5414047241211,350.2819194793701,1,train,data\train_data\image_1198.png
image_1199,-191.39846563339236,226.17143058776853,-91.94830298423769,382.85897874832153,1,train,data\train_data\image_1199.png
image_1200,-176.3147735595703,224.7847213745117,-108.39605927467346,369.0626611709595,1,train,data\train_data\image_1200.png
image_1201,-198.5578179359436,217.16444396972656,-144.89282369613647,418.29394245147705,1,train,data\train_data\image_1201.png
image_1202,-249.329137802124,216.52692222595212,-167.92107939720154,432.646035194397,0,val,data\train_data\image_1202.png
image_1203,846.6715049743652,223.7207069396973,888.4392929077148,366.1196627616882,0,val,data\train_data\image_1203.png
image_1204,-140.30494809150696,225.46358489990237,-109.29781794548036,352.18098068237305,1,val,data\train_data\image_1204.png
image_1205,806.4490127563477,225.5139675140381,918.7636184692384,405.00494146347046,0,val,data\train_data\image_1205.png
image_1206,-182.47497081756592,225.7733192443848,-118.98356437683104,359.2753591537476,0,train,data\train_data\image_1206.png
image_1207,825.4268646240234,218.52960968017575,907.3238468170166,426.9188895225525,1,train,data\train_data\image_1207.png
image_1208,-293.85786294937134,224.5068016052246,-174.78242754936218,415.2332844734192,0,train,data\train_data\image_1208.png
image_1209,813.37477684021,224.3025245666504,864.0129947662354,368.3490719795227,1,val,data\train_data\image_1209.png
image_1210,-325.4564952850342,221.2988224029541,-193.30639600753784,444.3601932525635,0,train,data\train_data\image_1210.png
image_1212,-202.63011932373047,220.6451644897461,-162.0802366733551,390.44641876220703,0,train,data\train_data\image_1212.png
image_1213,-210.6917881965637,216.91888236999512,-133.03033590316772,431.3396062850952,1,train,data\train_data\image_1213.png
image_1214,852.7033424377441,223.9051570892334,915.4310703277588,377.476243019104,0,val,data\train_data\image_1214.png
image_1215,826.5295314788818,225.1983966827393,898.9508056640625,368.8455953598023,0,train,data\train_data\image_1215.png
image_1216,825.4842853546143,224.70741653442383,858.1848335266113,354.8427047729492,0,train,data\train_data\image_1216.png
image_1217,-246.47724151611328,224.92634201049805,-147.02764749526978,397.2656812667847,1,train,data\train_data\image_1217.png
image_1219,858.9912128448486,218.0369129180908,914.9982261657716,413.43559646606445,1,train,data\train_data\image_1219.png
image_1221,809.1345691680908,225.53779983520508,915.8280372619628,401.04153060913086,0,train,data\train_data\image_1221.png
image_1223,833.8538932800293,222.50783348083496,879.7348594665527,374.3371071815491,1,val,data\train_data\image_1223.png
image_1224,835.4666519165039,225.7689418792725,894.9721240997314,368.1105198860169,1,train,data\train_data\image_1224.png
image_1225,805.9589195251465,225.27192497253415,903.8071060180664,400.47077083587646,1,val,data\train_data\image_1225.png
image_1226,-316.59316778182983,216.5589656829834,-226.8443512916565,446.28843331336975,1,train,data\train_data\image_1226.png
image_1227,-186.4085483551025,226.63216972351077,-114.37917709350586,365.5072178840637,1,train,data\train_data\image_1227.png
image_1228,-359.078950881958,220.570405960083,-219.71527576446533,442.7146151065826,0,train,data\train_data\image_1228.png
image_1230,-159.94088530540466,226.82477378845212,-103.41943502426147,355.5948820114136,0,val,data\train_data\image_1230.png
image_1232,-167.9627823829651,229.7879638671875,-86.05154156684875,356.5658130645752,0,train,data\train_data\image_1232.png
image_1233,-289.13140296936035,223.4657039642334,-152.5299847126007,438.6464908123016,0,train,data\train_data\image_1233.png
image_1235,-160.76548218727112,227.3189868927002,-92.39206910133362,359.98164558410645,0,val,data\train_data\image_1235.png
image_1236,-198.1638336181641,227.4544563293457,-105.7478928565979,378.73211765289307,1,val,data\train_data\image_1236.png
image_1237,785.7829570770264,226.17769622802732,845.5654048919678,350.79601669311523,1,train,data\train_data\image_1237.png
image_1238,-231.28113269805908,225.3798427581787,-115.66700220108032,405.9368624687195,1,train,data\train_data\image_1238.png
image_1239,-299.0436673164368,221.6822853088379,-201.1971974372864,420.9584453105927,0,val,data\train_data\image_1239.png
image_1241,870.347728729248,221.36602783203125,957.8457641601562,413.2829394340515,1,train,data\train_data\image_1241.png
image_1242,-312.4979281425476,220.88271522521973,-201.9339895248413,435.51800870895386,0,val,data\train_data\image_1242.png
image_1243,889.4265174865723,219.9390640258789,985.4629898071288,433.3190264701843,0,train,data\train_data\image_1243.png
image_1244,851.2196731567383,222.13555717468265,890.690803527832,373.9418210983277,1,train,data\train_data\image_1244.png
image_1246,845.0662136077881,224.736026763916,938.6390018463136,393.0613579750061,1,train,data\train_data\image_1246.png
image_1248,-156.5993356704712,225.0272216796875,-123.70911240577698,355.3607788085937,0,train,data\train_data\image_1248.png
image_1250,-286.4576911926269,220.9139289855957,-192.3577308654785,421.23092913627625,0,train,data\train_data\image_1250.png
image_1251,817.6494026184082,222.59721183776853,864.2245674133301,372.0662488937378,1,train,data\train_data\image_1251.png
image_1253,827.7867794036865,226.0500946044922,898.7945079803467,373.07894372940063,0,train,data\train_data\image_1253.png
image_1254,820.7763862609863,224.32315254211423,853.8204288482666,358.9328088760376,0,train,data\train_data\image_1254.png
image_1255,-216.40156745910645,223.2101287841797,-140.6508243083954,392.2851266860962,1,train,data\train_data\image_1255.png
image_1256,911.700267791748,214.3012180328369,979.630537033081,441.31550335884094,1,train,data\train_data\image_1256.png
image_1257,872.4877452850342,223.1371726989746,989.0855598449708,423.5865273475647,1,train,data\train_data\image_1257.png
image_1258,873.5697269439697,220.87427520751956,981.1402988433838,428.3222641944885,0,train,data\train_data\image_1258.png
image_1260,-197.39884614944455,224.14081954956052,-115.99674224853516,392.2242512702942,1,train,data\train_data\image_1260.png
image_1261,-191.96346759796145,228.0299224853516,-104.7271192073822,364.9055519104004,0,train,data\train_data\image_1261.png
image_1262,885.5872249603271,214.86346626281735,936.5678215026855,436.1338975429535,1,train,data\train_data\image_1262.png
image_1263,801.5468788146973,225.5553379058838,861.0831642150879,360.59939765930176,1,train,data\train_data\image_1263.png
image_1264,870.2150344848633,224.3654670715332,994.73708152771,415.1889958381653,0,val,data\train_data\image_1264.png
image_1265,807.8234195709229,227.07079315185547,858.14208984375,348.8950242996216,0,train,data\train_data\image_1265.png
image_1266,809.7164154052734,224.2866744995117,873.4515380859375,376.53272771835327,0,train,data\train_data\image_1266.png
image_1269,-310.27617931365967,219.6376266479492,-160.5324411392212,457.8385832309723,0,train,data\train_data\image_1269.png
image_1271,844.8521518707275,225.1495018005371,950.6298065185548,392.3349800109863,0,train,data\train_data\image_1271.png
image_1272,-145.57209849357605,225.75180435180664,-102.3331081867218,351.09044456481934,1,val,data\train_data\image_1272.png
image_1273,816.5845012664795,225.75990104675293,924.2301750183104,395.3770627975464,0,val,data\train_data\image_1273.png
image_1274,-170.92052936553955,228.78217124938965,-92.01249361038208,354.38004875183105,0,train,data\train_data\image_1274.png
image_1275,852.976541519165,219.0202751159668,1004.8442459106444,460.2760657072067,0,val,data\train_data\image_1275.png
image_1276,-183.40492486953733,224.1107215881348,-150.94938039779663,359.8066940307617,0,val,data\train_data\image_1276.png
image_1278,-191.98108434677124,223.52332496643064,-140.17104148864746,374.29495000839233,1,train,data\train_data\image_1278.png
image_1280,-300.2560043334961,214.80836296081543,-209.9873113632202,447.9244699478149,1,train,data\train_data\image_1280.png
image_1281,-182.7771806716919,225.7476272583008,-116.5201699733734,370.9642686843872,0,train,data\train_data\image_1281.png
image_1282,-270.5928111076355,218.5005702972412,-198.7004041671753,420.1074161529541,1,train,data\train_data\image_1282.png
image_1284,862.8608894348145,224.0560188293457,960.3475570678712,408.4709992408752,0,train,data\train_data\image_1284.png
image_1285,-192.9613995552063,221.08364486694336,-130.3987991809845,397.3211779594421,1,train,data\train_data\image_1285.png
image_1288,-181.6967225074768,229.30253410339355,-115.8300268650055,349.4928922653198,0,train,data\train_data\image_1288.png
image_1289,904.6930503845216,215.3613128662109,965.5307865142822,432.9913749694824,1,train,data\train_data\image_1289.png
image_1290,-186.1631155014038,225.93662643432617,-134.584321975708,357.66132736206055,0,train,data\train_data\image_1290.png
image_1291,839.5777702331543,218.21329498291016,981.0833072662354,449.1021385192871,1,train,data\train_data\image_1291.png
image_1292,-168.17691922187805,225.19593620300293,-110.00063180923462,362.8971638679504,0,train,data\train_data\image_1292.png
image_1293,860.6983852386475,221.03652381896973,968.6858367919922,413.1227579116821,0,val,data\train_data\image_1293.png
image_1294,837.7724075317383,226.29256629943848,927.9041576385498,382.737313747406,1,train,data\train_data\image_1294.png
image_1295,851.6335487365723,223.31507110595703,885.197639465332,366.3698306083679,0,train,data\train_data\image_1295.png
image_1297,-216.60972833633423,226.9955768585205,-112.00462818145752,387.9269661903381,1,train,data\train_data\image_1297.png
image_1299,-248.5579490661621,217.07074546813965,-153.64444255828855,442.7899136543274,0,train,data\train_data\image_1299.png
image_1300,-285.84490299224854,221.68048286437988,-155.25550603866577,430.7082965373993,0,train,data\train_data\image_1300.png
image_1301,815.3218460083008,226.49629974365237,854.4932556152344,346.2625970840454,1,val,data\train_data\image_1301.png
image_1302,826.9210052490234,219.74331283569336,950.0693321228028,450.71963572502136,0,val,data\train_data\image_1302.png
image_1303,-279.01790857315063,216.60085105896,-195.50782442092896,440.55117750167847,1,train,data\train_data\image_1303.png
image_1304,828.3256244659424,222.82034301757807,887.5205612182617,383.1042613983154,1,val,data\train_data\image_1304.png
image_1306,799.4231700897217,225.19190216064453,897.528247833252,394.1116180419922,0,train,data\train_data\image_1306.png
image_1310,842.1994686126709,226.12373733520508,918.9392280578612,375.965959072113,0,val,data\train_data\image_1310.png
image_1311,-240.8487868309021,220.13252639770508,-135.4457938671112,433.3436920642853,0,train,data\train_data\image_1311.png
image_1312,807.5265312194824,225.9503879547119,908.7705230712892,389.658814907074,0,train,data\train_data\image_1312.png
image_1313,869.5296764373779,219.66489219665527,916.6009426116944,397.6918950080872,0,train,data\train_data\image_1313.png
image_1314,-274.0982437133789,221.0311164855957,-190.22052526474,412.2486009597778,0,val,data\train_data\image_1314.png
image_1315,-287.4646782875061,222.43690872192383,-147.21167922019958,438.0331304073334,0,train,data\train_data\image_1315.png
image_1316,-317.5661873817444,222.5769557952881,-175.78309535980225,444.5746734142304,0,val,data\train_data\image_1316.png
image_1317,831.3695240020752,222.1509494781494,907.9830265045166,399.05316972732544,0,train,data\train_data\image_1317.png
image_1318,-248.65139722824097,219.05918502807617,-205.5688977241516,402.39236974716187,0,train,data\train_data\image_1318.png
image_1319,785.3780937194824,225.2569046020508,880.7056903839111,384.630567073822,1,train,data\train_data\image_1319.png
image_1320,810.2786064147949,226.3112773895264,913.2371520996094,387.1118893623352,1,train,data\train_data\image_1320.png
image_1321,-248.78591537475583,221.0221900939941,-159.53787803649902,402.8704824447632,0,train,data\train_data\image_1321.png
image_1322,-172.02433347702026,222.1613922119141,-95.23271083831789,390.7187666893005,1,train,data\train_data\image_1322.png
image_1324,825.9284591674805,221.29567527771,892.7721977233887,397.7627124786377,1,val,data\train_data\image_1324.png
image_1325,-194.8423147201538,221.7653980255127,-138.40101957321167,389.53212881088257,1,train,data\train_data\image_1325.png
image_1326,846.6652393341064,223.7374153137207,964.711103439331,409.7103872299194,0,train,data\train_data\image_1326.png
image_1327,-197.2762370109558,219.5783176422119,-137.2873020172119,398.0497159957886,0,train,data\train_data\image_1327.png
image_1328,864.4981956481934,222.5784149169922,939.090986251831,385.251437664032,0,train,data\train_data\image_1328.png
image_1330,807.8925132751465,225.85028076171875,888.9151382446289,381.3152422904968,0,train,data\train_data\image_1330.png
image_1332,-315.5829620361328,222.98199081420896,-180.1589155197144,430.1944818496704,0,train,data\train_data\image_1332.png
image_1333,826.6407680511475,220.19558334350583,867.4334335327148,392.484354019165,1,train,data\train_data\image_1333.png
image_1334,-227.38532066345212,218.83925819396973,-154.59621906280518,412.0890917778015,1,train,data\train_data\image_1334.png
image_1336,-168.46904397010803,224.54519653320312,-138.8955545425415,355.1894178390503,0,train,data\train_data\image_1336.png
image_1338,827.5094604492188,223.43011283874512,884.4735717773438,377.6734676361084,1,train,data\train_data\image_1338.png
image_1340,-179.27241325378418,226.4314975738525,-107.3646640777588,371.71193981170654,0,val,data\train_data\image_1340.png
image_1341,885.7230949401855,216.651891708374,948.8871002197266,422.77935767173767,0,train,data\train_data\image_1341.png
image_1342,-162.26259469985962,222.84480476379397,-127.53373861312866,369.1058340072632,0,train,data\train_data\image_1342.png
image_1343,-272.8749203681946,220.53035163879397,-154.38642740249634,444.7199132442474,1,train,data\train_data\image_1343.png
image_1344,-155.08564710617063,226.9007625579834,-99.18551445007324,348.805760383606,1,train,data\train_data\image_1344.png
image_1346,-204.88195180892944,225.6924095153809,-98.97096991539,399.4832172393799,1,train,data\train_data\image_1346.png
image_1347,-223.5274243354797,220.07439041137692,-168.3892321586609,401.15794563293457,0,train,data\train_data\image_1347.png
image_1348,-267.0562434196472,222.9352130889893,-170.67463517189026,406.2309827804565,1,train,data\train_data\image_1348.png
image_1349,855.4968738555908,219.07400512695312,995.7325458526612,451.9950761795044,1,train,data\train_data\image_1349.png
image_1351,823.7564277648926,226.43438720703125,911.0078716278076,381.4632716178894,1,train,data\train_data\image_1351.png
image_1354,-218.50677967071533,227.4101676940918,-135.8881115913391,373.545361995697,1,val,data\train_data\image_1354.png
image_1355,807.8786087036133,223.65699195861816,846.535120010376,362.1799840927124,1,train,data\train_data\image_1355.png
image_1356,-198.164176940918,223.3232250213623,-152.96132683753967,371.4110674858093,0,val,data\train_data\image_1356.png
image_1358,860.7126331329346,223.5664119720459,992.2540855407716,428.59362506866455,0,train,data\train_data\image_1358.png
image_1360,-317.7667737007141,222.59984397888184,-177.13758945465088,438.1066586971283,0,train,data\train_data\image_1360.png
image_1362,-141.81945204734802,225.94958686828613,-103.1708800792694,349.3810405731201,0,train,data\train_data\image_1362.png
image_1363,827.8851413726807,223.36476707458496,868.4389400482178,369.11398792266846,0,train,data\train_data\image_1363.png
image_1364,-237.36451148986816,215.18029594421387,-156.3809609413147,443.03762459754944,1,train,data\train_data\image_1364.png
image_1366,865.0307750701904,214.5945301055908,916.2198543548584,436.3416292667389,0,train,data\train_data\image_1366.png
image_1367,822.1604919433594,223.69993591308597,874.4699192047119,372.4942936897278,0,train,data\train_data\image_1367.png
image_1368,-194.9605679512024,226.53211975097656,-99.76853013038637,386.62645959854126,1,train,data\train_data\image_1368.png
image_1369,782.3390865325928,225.52589797973636,880.1782608032227,383.0825819969177,1,train,data\train_data\image_1369.png
image_1370,-244.096941947937,227.21229934692383,-143.3696722984314,382.1357407569885,0,train,data\train_data\image_1370.png
image_1371,822.0474529266357,227.122034072876,895.0145244598389,366.9121017456055,1,train,data\train_data\image_1371.png
image_1372,814.993371963501,225.10950469970703,847.7499675750732,352.38279724121094,0,train,data\train_data\image_1372.png
image_1373,824.7639083862305,225.6204833984375,907.9336738586426,372.8149428367615,0,train,data\train_data\image_1373.png
image_1374,-255.94722032547,215.72369003295896,-139.18530821800232,448.1637444496155,1,train,data\train_data\image_1374.png
image_1375,802.2665691375732,225.3048553466797,835.0277137756348,352.2743215560913,1,train,data\train_data\image_1375.png
image_1377,-198.58839511871335,226.89801597595212,-118.52789998054504,370.43919229507446,0,train,data\train_data\image_1377.png
image_1378,839.5954513549805,213.9020767211914,913.4343910217284,453.5470720529556,1,train,data\train_data\image_1378.png
image_1379,838.8723278045654,222.02294731140137,873.5125637054443,376.2236728668213,0,train,data\train_data\image_1379.png
image_1380,-282.2197151184082,221.5553131103516,-189.2833399772644,412.1453466415405,1,train,data\train_data\image_1380.png
image_1381,848.4448528289795,221.4632740020752,917.0674324035645,398.99632120132446,0,train,data\train_data\image_1381.png
image_1382,-184.43628787994385,224.2608966827393,-124.87300872802734,374.6983542442322,1,train,data\train_data\image_1382.png
image_1383,856.6633987426758,221.69899368286133,907.3639297485352,383.94340658187866,0,train,data\train_data\image_1383.png
image_1384,799.6430683135986,226.50396728515625,847.0694160461426,347.3923578262329,1,train,data\train_data\image_1384.png
image_1385,-270.1687860488892,222.87962341308597,-139.1345179080963,440.2210190296173,1,train,data\train_data\image_1385.png
image_1386,832.091703414917,219.87048530578613,894.3509674072266,404.19495010375977,1,train,data\train_data\image_1386.png
image_1387,792.1984577178955,219.84067344665527,901.0122871398926,422.45651268959045,1,train,data\train_data\image_1387.png
image_1388,-182.70952463150024,227.2838249206543,-85.43203175067902,377.760507106781,1,train,data\train_data\image_1388.png
image_1389,817.2926044464111,221.7050876617432,859.7705554962158,381.55468130111694,1,train,data\train_data\image_1389.png
image_1390,-245.83992719650269,214.76653480529785,-174.37373399734497,446.71074891090393,1,train,data\train_data\image_1390.png
image_1391,-167.06717133522034,227.9510726928711,-85.10244190692902,362.31125497817993,1,val,data\train_data\image_1391.png
image_1392,-302.2776818275452,220.4349365234375,-190.7183003425598,436.44847774505615,0,train,data\train_data\image_1392.png
image_1394,-258.7115263938904,221.07205772399905,-123.48604917526244,447.3336651325226,1,val,data\train_data\image_1394.png
image_1395,852.141752243042,220.84972763061523,1009.3144798278807,461.0487403869629,0,train,data\train_data\image_1395.png
image_1397,836.1926078796387,220.09782218933103,877.8432369232178,391.6408386230469,0,val,data\train_data\image_1397.png
image_1398,815.3493118286133,226.14184761047363,911.0365390777588,379.8649969100952,1,train,data\train_data\image_1398.png
image_1399,-322.4147415161133,223.44290161132807,-196.24995946884155,434.0813567638397,1,val,data\train_data\image_1399.png
image_1404,856.8150615692139,224.92267990112305,979.1075706481934,412.5831260681152,0,train,data\train_data\image_1404.png
image_1405,874.2434120178223,221.13391304016116,958.2810974121094,411.9627704620361,0,train,data\train_data\image_1405.png
image_1407,-180.7423710823059,228.09257888793945,-100.23638248443604,362.51168394088745,1,train,data\train_data\image_1407.png
image_1408,795.7091045379639,227.58323097229004,857.3168277740479,354.5887746810913,1,val,data\train_data\image_1408.png
image_1410,-187.87912845611567,221.52055168151853,-146.29718542099,381.7825832366944,0,train,data\train_data\image_1410.png
image_1411,-250.34550189971924,223.5872688293457,-124.31853175163268,421.6387429237366,1,train,data\train_data\image_1411.png
image_1412,-282.6341485977173,221.69281387329104,-142.2451400756836,450.0541117191314,0,train,data\train_data\image_1412.png
image_1415,854.3669986724854,221.5507068634033,944.597282409668,409.4150366783142,0,train,data\train_data\image_1415.png
image_1416,-173.18885207176208,222.60007286071777,-130.03493070602417,373.9639225006104,0,val,data\train_data\image_1416.png
image_1420,-270.9757876396179,218.8236083984375,-150.4894459247589,447.9610946178436,1,train,data\train_data\image_1420.png
image_1421,-265.04143238067627,225.5371990203857,-143.53448867797852,413.3513035774231,0,train,data\train_data\image_1421.png
image_1422,841.6989040374756,225.59396171569824,949.9235916137696,397.4790563583374,0,train,data\train_data\image_1422.png
image_1423,-160.68343877792358,226.11798667907715,-124.06400084495544,346.4690341949463,0,train,data\train_data\image_1423.png
image_1424,808.7224102020264,224.8378219604492,891.7392253875732,376.8991746902466,1,val,data\train_data\image_1424.png
image_1425,-219.72267866134644,226.81003952026367,-121.6948914527893,380.7587018013001,1,train,data\train_data\image_1425.png
image_1426,803.6535930633545,227.03016662597656,867.646894454956,352.759822845459,1,val,data\train_data\image_1426.png
image_1427,795.2297401428223,229.0990867614746,868.8408851623535,353.2960786819458,0,train,data\train_data\image_1427.png
image_1428,-232.1092700958252,227.38404655456543,-137.89503693580627,376.0400595664978,0,train,data\train_data\image_1428.png
image_1429,-294.04958724975586,222.6859893798828,-154.27438616752625,441.0289146900177,0,train,data\train_data\image_1429.png
image_1430,-259.35341119766235,225.39512062072757,-156.0115671157837,396.95782804489136,1,train,data\train_data\image_1430.png
image_1432,-210.68517923355105,220.78950309753415,-172.36907243728638,385.12492322921753,0,val,data\train_data\image_1432.png
image_1433,835.5153179168701,224.50053596496585,907.9876613616944,382.0706596374512,1,train,data\train_data\image_1433.png
image_1434,799.8094940185547,221.86230087280276,920.9129905700684,421.215815782547,1,val,data\train_data\image_1434.png
image_1435,803.673505783081,228.5184135437012,868.8189125061035,355.7350149154663,0,train,data\train_data\image_1435.png
image_1436,-208.3726000785828,222.4560203552246,-93.07684779167175,413.83463048934937,1,train,data\train_data\image_1436.png
image_1437,-305.2866053581238,223.73366737365723,-169.87335205078125,435.95929288864136,1,val,data\train_data\image_1437.png
image_1439,803.1244468688965,227.2826232910156,904.5071411132812,384.6743550300598,1,train,data\train_data\image_1439.png
image_1440,-162.52243638038635,221.240686416626,-125.55463314056396,382.3493733406067,1,train,data\train_data\image_1440.png
image_1441,-208.7549114227295,216.2727203369141,-154.21557068824768,429.6843864917755,0,val,data\train_data\image_1441.png
image_1442,881.3204097747803,213.7791957855225,946.7726612091064,443.9343764781952,1,train,data\train_data\image_1442.png
image_1443,813.407392501831,225.2396240234375,908.3280658721924,392.4622311592102,1,train,data\train_data\image_1443.png
image_1444,-222.37368822097775,226.93895721435547,-131.88772559165955,379.18282890319824,0,val,data\train_data\image_1444.png
image_1446,868.5288906097412,216.19432830810547,919.3779945373536,423.49647307395935,0,train,data\train_data\image_1446.png
image_1449,-244.171679019928,225.73008918762207,-136.62110567092896,397.0572199821472,1,train,data\train_data\image_1449.png
image_1450,834.9460029602051,223.8622989654541,946.395435333252,411.71114349365234,1,train,data\train_data\image_1450.png
image_1451,-239.87668991088867,217.65010261535645,-196.49288177490237,410.9802522659302,0,train,data\train_data\image_1451.png
image_1452,-215.24568557739255,224.4119300842285,-123.14202904701231,381.2242403030396,0,train,data\train_data\image_1452.png
image_1455,-243.50936651229856,220.9454860687256,-107.6994252204895,435.9357395172119,1,val,data\train_data\image_1455.png
image_1456,-222.8031635284424,216.7778911590576,-171.4484202861786,419.97867727279663,1,val,data\train_data\image_1456.png
image_1457,-282.6956248283386,221.76843070983887,-178.5537314414978,425.4929521083832,1,train,data\train_data\image_1457.png
image_1458,-262.5897002220154,216.1422863006592,-194.72820281982425,430.0629320144653,0,val,data\train_data\image_1458.png
image_1460,813.3233642578125,223.68677520751956,874.6938514709473,371.9808688163757,1,train,data\train_data\image_1460.png
image_1461,-192.73105144500727,221.56229400634768,-146.5048849582672,384.6297159194946,0,val,data\train_data\image_1461.png
image_1462,803.4984111785889,224.27371406555176,869.1352844238281,371.4405288696289,1,train,data\train_data\image_1462.png
image_1463,-294.5195531845093,220.98196411132807,-161.83852672576904,444.988005399704,1,train,data\train_data\image_1463.png
image_1464,837.4865055084229,225.2912082672119,880.1396369934082,353.7664451599121,0,val,data\train_data\image_1464.png
image_1465,867.4854469299316,223.4664478302002,977.1149253845216,417.9969038963318,1,train,data\train_data\image_1465.png
image_1467,-228.91074657440183,222.17581176757807,-156.4045214653015,389.769636631012,0,val,data\train_data\image_1467.png
image_1468,861.7876625061035,224.0487518310547,943.9732074737548,382.3656311035156,0,val,data\train_data\image_1468.png
image_1470,808.6958026885986,226.2672462463379,857.5200748443604,356.93498516082764,0,val,data\train_data\image_1470.png
image_1471,853.1853675842285,219.02041816711423,928.5617065429688,410.89475774765015,0,val,data\train_data\image_1471.png
image_1472,805.537919998169,221.44227409362796,937.856912612915,440.7239725589752,1,val,data\train_data\image_1472.png
image_1474,862.7940273284912,218.09213066101077,969.3336009979248,432.93014192581177,0,train,data\train_data\image_1474.png
image_1475,825.8269214630127,224.45616149902344,867.7087783813477,355.7382335662842,0,train,data\train_data\image_1475.png
image_1476,-246.91961288452148,226.21179962158203,-143.68324398994446,388.2281889915466,0,train,data\train_data\image_1476.png
image_1477,-263.7312054634094,213.9284553527832,-158.99903297424316,456.58457720279694,1,train,data\train_data\image_1477.png
image_1478,-229.5110034942627,221.4163818359375,-173.830908536911,389.1957941055298,0,train,data\train_data\image_1478.png
image_1479,815.5786514282227,224.6582355499268,845.3767490386963,355.4304447174072,1,train,data\train_data\image_1479.png
image_1480,-193.14767360687256,227.2614231109619,-105.2130389213562,375.5777325630188,1,train,data\train_data\image_1480.png
image_1481,805.9923076629639,224.1395893096924,840.8053207397461,360.0983896255493,1,train,data\train_data\image_1481.png
image_1482,-293.9716958999634,218.276180267334,-148.25055241584778,458.8339688777924,0,train,data\train_data\image_1482.png
image_1483,-173.024400472641,226.03069686889648,-101.42575979232788,375.1391091346741,0,train,data\train_data\image_1483.png
image_1485,898.624906539917,217.1825828552246,947.6454734802246,418.0151643753052,0,val,data\train_data\image_1485.png
image_1486,829.6753120422363,215.97872161865237,911.8927001953124,431.62157797813416,1,val,data\train_data\image_1486.png
image_1487,858.3913421630859,215.6928768157959,925.3122425079346,432.2617032527924,0,val,data\train_data\image_1487.png
image_1488,839.5365715026855,226.57646560668945,917.0080375671388,373.6097135543823,1,train,data\train_data\image_1488.png
image_1489,-238.41402769088745,226.7038097381592,-127.47125387191772,398.1887617111206,1,train,data\train_data\image_1489.png
image_1490,787.4148559570312,229.9916400909424,867.3227977752686,352.0833339691162,1,train,data\train_data\image_1490.png
image_1491,-234.84299898147583,221.9305076599121,-156.268812417984,405.1869382858277,1,train,data\train_data\image_1491.png
image_1492,-182.3101544380188,227.6749267578125,-95.00156879425047,363.421181678772,0,train,data\train_data\image_1492.png
image_1493,-217.9503607749939,220.89458847045896,-169.73485350608826,386.00610399246216,1,train,data\train_data\image_1493.png
image_1494,898.617353439331,218.09459114074707,1026.047601699829,439.444712638855,0,train,data\train_data\image_1494.png
image_1495,-186.35333776474,229.23326873779297,-102.97084093093872,359.0579857826233,1,val,data\train_data\image_1495.png
image_1497,-203.96485090255737,219.7956695556641,-151.90836668014526,401.8456497192383,1,train,data\train_data\image_1497.png
image_1498,-158.83874416351318,225.4494800567627,-126.556738615036,348.7358798980713,0,val,data\train_data\image_1498.png
image_1499,839.4176959991455,219.5959415435791,915.5996417999268,408.5839595794678,1,train,data\train_data\image_1499.png
image_1500,-176.9186568260193,228.46036338806152,-100.83045959472656,363.40624713897705,1,train,data\train_data\image_1500.png
image_1502,797.5165271759033,222.2342338562012,910.6310749053956,407.5230278968811,1,val,data\train_data\image_1502.png
image_1504,-203.48183870315552,217.2522773742676,-127.5387704372406,423.8320245742798,1,val,data\train_data\image_1504.png
image_1505,-230.7775855064392,217.29627990722656,-180.82354545593265,413.441876411438,0,train,data\train_data\image_1505.png
image_1506,-200.57719945907596,225.86026573181152,-132.31326341629028,361.72784948349,0,train,data\train_data\image_1506.png
image_1508,835.404167175293,225.8379783630371,895.9733390808105,365.2708616256714,0,train,data\train_data\image_1508.png
image_1509,-220.25645971298215,222.89890670776367,-110.05104660987854,405.56264781951904,1,train,data\train_data\image_1509.png
image_1510,-296.81936502456665,216.90806770324707,-214.93942022323608,435.96932435035706,1,val,data\train_data\image_1510.png
image_1511,842.7193450927734,221.60746955871585,916.8573188781738,388.9604606628418,1,train,data\train_data\image_1511.png
image_1513,-289.1563153266907,220.80804252624512,-188.0712389945984,411.0161652565002,0,train,data\train_data\image_1513.png
image_1515,-255.47892808914185,221.89794921875,-131.13698601722717,422.1337177753449,0,train,data\train_data\image_1515.png
image_1516,-266.4569091796875,220.9436264038086,-140.78645825386047,439.873054265976,1,train,data\train_data\image_1516.png
image_1518,-275.71988582611084,217.95923614501956,-177.23669171333313,443.01943922042847,1,train,data\train_data\image_1518.png
image_1519,-286.1000990867615,224.824031829834,-170.49080729484558,414.1345729827881,0,train,data\train_data\image_1519.png
image_1520,-255.48115968704224,220.5242862701416,-125.43771028518675,435.0478210449219,1,val,data\train_data\image_1520.png
image_1521,-252.8278541564941,222.64336013793945,-140.0852644443512,430.1177492141724,1,train,data\train_data\image_1521.png
image_1522,-306.85237169265747,223.56887245178223,-169.83773231506348,438.95463013648987,0,train,data\train_data\image_1522.png
image_1523,-189.3714451789856,223.9677276611328,-126.4705753326416,373.606409072876,1,train,data\train_data\image_1523.png
image_1524,802.7909088134766,228.5512580871582,890.7507133483887,367.835289478302,1,train,data\train_data\image_1524.png
image_1526,851.0966777801514,214.5920696258545,928.2959747314452,449.2140939235687,1,train,data\train_data\image_1526.png
image_1529,-165.79660892486572,227.6172771453857,-93.71962308883668,360.289291381836,0,train,data\train_data\image_1529.png
image_1530,847.9116725921631,216.13479042053223,948.5222339630128,452.76652777194977,0,train,data\train_data\image_1530.png
image_1531,809.2912101745605,229.12446403503415,894.9286079406738,359.420606136322,1,val,data\train_data\image_1531.png
image_1533,-260.5306434631348,224.5990695953369,-149.5821511745453,406.5462317466736,1,train,data\train_data\image_1533.png
image_1534,883.1764125823975,220.3134860992432,924.245023727417,389.7979893684387,0,train,data\train_data\image_1534.png
image_1535,-210.18856287002563,224.55249214172363,-149.35751080513,375.0902285575866,0,train,data\train_data\image_1535.png
image_1536,-203.6524486541748,221.4581813812256,-146.08914256095886,395.1460781097412,0,train,data\train_data\image_1536.png
image_1537,-259.0828514099121,223.7736930847168,-138.4123170375824,421.6203465461731,0,train,data\train_data\image_1537.png
image_1539,-279.9749422073364,224.34246444702148,-154.42776560783386,418.10372734069824,0,train,data\train_data\image_1539.png
image_1540,-230.82221746444705,215.54192924499512,-180.23646354675293,429.4535877704621,0,val,data\train_data\image_1540.png
image_1541,883.0870628356934,218.75322723388672,981.8392181396484,440.1963391304016,0,train,data\train_data\image_1541.png
image_1542,-172.83551931381226,221.2504711151123,-129.35575246810913,384.1362180709839,1,train,data\train_data\image_1542.png
image_1543,-174.8318874835968,221.99548149108887,-137.08601832389832,378.5011329650879,1,train,data\train_data\image_1543.png
image_1544,-178.3184266090393,223.18789863586423,-102.63928771018982,383.8837399482727,1,train,data\train_data\image_1544.png
image_1546,877.1194267272949,215.8363571166992,998.8065719604492,454.8652991056442,0,train,data\train_data\image_1546.png
image_1547,815.6637954711914,226.1060276031494,852.7859973907471,347.57736587524414,0,train,data\train_data\image_1547.png
image_1549,-142.66232013702393,225.5817165374756,-112.99957752227785,347.81611824035645,1,train,data\train_data\image_1549.png
image_1550,884.231014251709,215.068172454834,946.0227584838868,434.4404330253601,0,train,data\train_data\image_1550.png
image_1551,813.3154678344727,228.7713851928711,880.2560234069824,355.23931407928467,1,train,data\train_data\image_1551.png
image_1552,-226.63855075836184,226.633056640625,-138.35734248161316,383.10786628723145,1,train,data\train_data\image_1552.png
image_1553,835.3143882751465,220.33697509765625,899.6600246429443,397.2651877403259,1,train,data\train_data\image_1553.png
image_1554,834.9411106109619,221.4323463439941,916.5297889709472,397.2233953475952,1,train,data\train_data\image_1554.png
image_1555,-269.2234683036804,221.1739387512207,-173.6825180053711,402.5525512695313,0,train,data\train_data\image_1555.png
image_1556,-252.1302008628845,221.24200248718265,-144.8333215713501,415.5395712852478,1,train,data\train_data\image_1556.png
image_1557,-174.30081009864807,224.20055770874023,-111.19678974151611,366.6463556289673,0,train,data\train_data\image_1557.png
image_1558,854.9001789093018,222.32853317260745,894.1659164428711,373.5576572418213,0,train,data\train_data\image_1558.png
image_1559,-242.28050708770752,226.1793270111084,-149.4063377380371,386.00140476226807,0,val,data\train_data\image_1559.png
image_1560,822.3333549499512,228.5110893249512,893.2149982452393,356.59745597839355,0,train,data\train_data\image_1560.png
image_1561,801.2796020507812,221.21942901611328,944.884729385376,449.3488337993622,1,train,data\train_data\image_1561.png
image_1562,820.6857490539551,227.26022148132324,924.0773105621338,389.79062938690186,0,train,data\train_data\image_1562.png
image_1563,-287.92739152908325,215.5200710296631,-184.1563725471497,449.04312455654144,1,train,data\train_data\image_1563.png
image_1564,-235.3953194618225,217.58192443847656,-182.90148496627808,414.7176065444946,1,val,data\train_data\image_1564.png
image_1565,809.2634868621826,228.06476974487305,891.6110801696777,358.5676565170288,1,train,data\train_data\image_1565.png
image_1566,831.3337326049805,222.8108730316162,916.01806640625,390.271960735321,1,val,data\train_data\image_1566.png
image_1568,807.246208190918,224.4610252380371,874.7929859161377,367.983998298645,1,train,data\train_data\image_1568.png
image_1569,-228.3653998374939,227.12970161437988,-136.4156699180603,380.6404342651367,0,train,data\train_data\image_1569.png
image_1570,-263.55881452560425,218.13739204406735,-153.0016565322876,456.6181262731552,1,train,data\train_data\image_1570.png
image_1571,842.7178001403809,223.21625137329104,921.7315578460692,385.4595699310303,0,train,data\train_data\image_1571.png
image_1572,-202.5522494316101,225.45342826843265,-89.60916459560394,399.8866286277771,1,train,data\train_data\image_1572.png
image_1573,-285.53393840789795,217.1691646575928,-211.961932182312,429.1109230518341,0,train,data\train_data\image_1573.png
image_1575,811.9140243530273,221.38754272460935,922.487726211548,428.0351068973541,0,train,data\train_data\image_1575.png
image_1576,-225.4711675643921,215.89440727233887,-139.66827750205994,433.8060441017151,1,train,data\train_data\image_1576.png
image_1579,823.4389400482178,223.95539665222168,946.1268711090088,414.95930576324463,0,train,data\train_data\image_1579.png
image_1580,-181.07580184936523,219.5019569396973,-119.21467423439026,399.2385640144348,1,train,data\train_data\image_1580.png
image_1581,795.9959506988525,226.99139976501465,903.2637119293212,392.0178713798523,1,val,data\train_data\image_1581.png
image_1582,-209.76076126098636,219.93528747558597,-94.57302689552309,425.80269718170166,1,val,data\train_data\image_1582.png
image_1583,-240.47394275665283,217.45189094543457,-195.0536513328552,413.82823610305786,0,train,data\train_data\image_1583.png
image_1584,813.0451011657715,223.58589553833008,912.5071620941162,406.0387077331543,1,val,data\train_data\image_1584.png
image_1585,-162.47398495674133,225.0144329071045,-119.44950699806212,355.8461799621582,1,train,data\train_data\image_1585.png
image_1586,-296.9326615333557,219.16252517700195,-193.88062477111816,439.5084383487701,0,train,data\train_data\image_1586.png
image_1587,842.2433280944824,225.65169715881348,950.0454711914062,392.9920139312744,0,train,data\train_data\image_1587.png
image_1588,834.0574836730957,222.9592170715332,907.6417636871338,382.16242694854736,0,train,data\train_data\image_1588.png
image_1589,-147.87403464317322,228.12219047546387,-77.00475633144379,348.4640684127808,1,train,data\train_data\image_1589.png
image_1590,-217.45962381362915,226.79956817626956,-123.08358907699584,376.9698848724365,0,val,data\train_data\image_1590.png
image_1592,849.1823101043701,222.1594467163086,931.7974376678468,393.8773145675659,0,train,data\train_data\image_1592.png
image_1593,834.6610450744629,225.57605171203613,928.0126476287842,389.4819321632385,0,val,data\train_data\image_1593.png
image_1594,-218.28761100769043,222.4614849090576,-157.6145839691162,390.6817378997803,0,train,data\train_data\image_1594.png
image_1596,-226.13935947418213,225.48115158081052,-146.10687732696533,371.5064253807068,0,train,data\train_data\image_1596.png
image_1597,807.5704765319824,227.3482837677002,875.1958751678467,359.7335662841797,1,train,data\train_data\image_1597.png
image_1599,873.3308601379395,218.27400588989255,941.8115615844728,419.4341423511505,0,train,data\train_data\image_1599.png
image_1600,-190.49692153930664,223.81314659118647,-148.92784237861633,361.9826951026917,0,train,data\train_data\image_1600.png
image_1601,-174.47255730628967,227.06644439697263,-104.66346502304076,354.55710315704346,0,train,data\train_data\image_1601.png
image_1602,853.5892868041992,216.9541301727295,897.2034645080566,416.6256799697876,0,train,data\train_data\image_1602.png
image_1605,-278.10258865356445,215.33790969848636,-201.65791511535645,440.5096032619476,1,train,data\train_data\image_1605.png
image_1606,855.5402183532715,223.07943725585935,914.4466781616212,371.0900821685791,0,train,data\train_data\image_1606.png
image_1607,-271.6335940361023,224.6772327423096,-157.61427283287048,416.8360152244568,0,train,data\train_data\image_1607.png
image_1608,829.6466445922852,226.99220085144043,936.288356781006,390.6482639312744,1,train,data\train_data\image_1608.png
image_1609,873.151216506958,220.87527656555176,926.718578338623,392.4822726249695,0,train,data\train_data\image_1609.png
image_1612,828.779411315918,225.95247650146484,885.6623268127441,361.7698850631714,0,train,data\train_data\image_1612.png
image_1614,817.4430656433105,223.03294563293457,871.0990047454834,378.6684241294861,1,val,data\train_data\image_1614.png
image_1616,-218.75609636306763,216.29915618896484,-128.36289525032043,438.14347290992737,1,train,data\train_data\image_1616.png
image_1618,805.9023571014404,226.6506805419922,901.02876663208,377.97057056427,1,train,data\train_data\image_1618.png
image_1619,881.7669010162354,217.96432876586917,947.3954486846924,419.89749217033386,1,train,data\train_data\image_1619.png
image_1620,-163.6078941822052,228.49212074279785,-100.4261326789856,350.1800813674927,0,train,data\train_data\image_1620.png
image_1621,-237.56125688552856,222.38306427001956,-152.5057590007782,394.3201293945313,1,train,data\train_data\image_1621.png
image_1622,-197.07316160202024,227.0021858215332,-122.64512300491332,358.6143627166748,0,train,data\train_data\image_1622.png
image_1626,800.916109085083,227.91201972961423,892.2537803649902,370.073739528656,1,train,data\train_data\image_1626.png
image_1628,835.5223560333252,224.091495513916,865.9135437011719,358.9772834777832,0,train,data\train_data\image_1628.png
image_1629,-155.85784435272217,225.5640926361084,-127.1627676486969,350.72826766967773,0,train,data\train_data\image_1629.png
image_1630,-168.67446899414062,226.40288734436035,-110.25876760482788,354.6849479675293,0,train,data\train_data\image_1630.png
image_1632,-288.51367950439453,222.97008895874023,-159.6044933795929,438.8248505592346,1,train,data\train_data\image_1632.png
image_1633,-160.3579580783844,228.34884071350095,-92.53983736038208,353.8665237426758,1,val,data\train_data\image_1633.png
image_1634,865.8501148223877,222.7448692321777,1001.107349395752,434.6050705909729,0,train,data\train_data\image_1634.png
image_1635,-208.67594718933103,226.6473903656006,-115.80154180526732,374.3491234779358,1,val,data\train_data\image_1635.png
image_1636,853.3347129821777,221.04567909240723,1005.3957939147948,455.6659063100815,1,train,data\train_data\image_1636.png
image_1637,-252.48358726501465,217.1742000579834,-156.55452132225037,445.1601424217224,1,train,data\train_data\image_1637.png
image_1638,850.138635635376,218.27818298339844,901.340675354004,410.5649175643921,0,train,data\train_data\image_1638.png
image_1639,788.2966804504395,220.53261184692383,940.637912750244,454.4280543327332,1,train,data\train_data\image_1639.png
image_1640,-278.23620557785034,216.10100173950195,-172.9199981689453,447.29808831214905,0,train,data\train_data\image_1640.png
image_1641,-200.8318591117859,222.837366104126,-121.6117537021637,396.7759742736816,1,train,data\train_data\image_1641.png
image_1642,-215.05623579025269,224.92548370361328,-106.03764653205872,394.2809691429138,0,train,data\train_data\image_1642.png
image_1644,-297.81562328338623,224.37044525146484,-174.9870800971985,412.6646223068237,0,train,data\train_data\image_1644.png
image_1645,-217.0401692390442,219.26143074035645,-173.68418097496033,399.6578254699707,0,train,data\train_data\image_1645.png
image_1646,840.2659606933594,225.34774208068848,885.8295249938965,357.9418935775757,0,train,data\train_data\image_1646.png
image_1647,797.3989391326904,229.46466827392575,874.0493488311768,350.00683212280273,0,train,data\train_data\image_1647.png
image_1649,798.585205078125,227.4570598602295,861.1314868927002,355.39031887054443,1,val,data\train_data\image_1649.png
image_1650,-276.6865968704224,223.59805488586423,-152.50860214233398,421.5732934474945,1,train,data\train_data\image_1650.png
image_1651,819.0338516235352,223.30211067199707,959.654130935669,441.0338606834412,1,train,data\train_data\image_1651.png
image_1652,840.6088542938232,223.8139476776123,873.4143733978271,361.94209718704224,1,train,data\train_data\image_1652.png
image_1654,-252.6135993003845,223.29736137390137,-140.24306416511536,421.4263262748718,1,train,data\train_data\image_1654.png
image_1656,-153.9635717868805,225.80702209472656,-108.57266664505003,355.4346933364868,1,val,data\train_data\image_1656.png
image_1657,817.3571491241455,221.59954452514648,862.6180744171143,381.9613614082336,1,val,data\train_data\image_1657.png
image_1660,819.1612243652344,226.4827671051025,899.4867324829102,373.0223097801209,0,train,data\train_data\image_1660.png
image_1661,-275.4815340042114,217.65199089050293,-182.6382422447205,430.94506764411926,0,train,data\train_data\image_1661.png
image_1662,-167.70980715751648,226.5828456878662,-115.54744005203248,352.7352752685547,0,train,data\train_data\image_1662.png
image_1663,-163.53545308113098,226.0811939239502,-106.2834334373474,354.6932592391968,1,train,data\train_data\image_1663.png
image_1664,-180.84596872329712,223.4949722290039,-147.27129936218262,364.378851890564,0,train,data\train_data\image_1664.png
image_1666,-273.9962339401245,218.56050872802732,-187.49342679977417,417.09485912323,0,val,data\train_data\image_1666.png
image_1667,-261.9468283653259,226.88668632507324,-153.39317321777344,394.9004020690918,0,train,data\train_data\image_1667.png
image_1668,860.837516784668,220.5484619140625,952.1477222442628,410.31324768066406,1,train,data\train_data\image_1668.png
image_1669,-225.36696910858157,218.1010570526123,-178.27571511268616,414.05966424942017,0,train,data\train_data\image_1669.png
image_1670,847.5579643249512,221.1280193328857,962.9097747802734,432.7234079837799,1,train,data\train_data\image_1670.png
image_1671,851.0318756103516,220.7556571960449,960.4011154174804,438.0992844104767,0,val,data\train_data\image_1671.png
image_1672,-186.54579162597656,222.90877723693848,-116.55038237571716,383.2594361305237,1,train,data\train_data\image_1672.png
image_1673,794.8247051239014,228.7311305999756,884.8259925842285,366.1908235549927,1,train,data\train_data\image_1673.png
image_1675,834.5468044281006,223.7938632965088,878.4089469909668,364.5735445022583,0,val,data\train_data\image_1675.png
image_1677,-170.4492437839508,229.0988292694092,-98.53885531425476,353.6489143371582,0,val,data\train_data\image_1677.png
image_1678,-291.70108795166016,219.5091953277588,-160.27700901031494,439.0871670246124,0,train,data\train_data\image_1678.png
image_1679,824.333381652832,223.04727935791016,934.069118499756,406.4340724945069,1,val,data\train_data\image_1679.png
image_1681,-321.0210871696472,222.46660614013672,-203.89562845230105,434.7997167110443,0,train,data\train_data\image_1681.png
image_1682,862.2072887420654,215.7470359802246,910.1413249969482,426.2113764286041,0,train,data\train_data\image_1682.png
image_1683,-146.93924188613892,224.2113437652588,-115.11028289794922,358.80658054351807,1,train,data\train_data\image_1683.png
image_1685,823.0459213256836,221.9407501220703,957.1229839324952,439.053414106369,0,train,data\train_data\image_1685.png
image_1688,-261.11167430877686,226.2415542602539,-161.25942707061768,396.2516560554504,0,train,data\train_data\image_1688.png
image_1690,-264.5347309112549,221.5313949584961,-149.09700393676758,430.6898250579834,1,train,data\train_data\image_1690.png
image_1693,822.9646396636963,224.1112365722656,905.390682220459,391.6786684989929,1,val,data\train_data\image_1693.png
image_1696,849.5132732391357,223.84956741333008,920.8735942840576,389.46112537384033,0,train,data\train_data\image_1696.png
image_1697,-238.74876737594604,226.73282051086423,-143.25318932533264,377.189754486084,0,val,data\train_data\image_1697.png
image_1698,867.555742263794,222.20490837097168,995.2239990234376,434.6476104259491,1,train,data\train_data\image_1698.png
image_1699,846.50954246521,221.1029281616211,985.1628398895264,441.9817283153534,0,train,data\train_data\image_1699.png
image_1700,-242.58848905563357,215.54653549194336,-158.14926624298096,441.5305986404419,0,train,data\train_data\image_1700.png
image_1701,-247.92501211166385,224.47304153442383,-144.9288296699524,407.2330632209778,0,train,data\train_data\image_1701.png
image_1702,782.7509880065918,228.18304443359372,866.9009399414062,360.83661222457886,1,train,data\train_data\image_1702.png
image_1703,-202.4315071105957,226.33370780944824,-104.29698944091795,387.9352202415466,1,train,data\train_data\image_1703.png
image_1707,818.911714553833,222.8950729370117,857.2597503662109,369.1086449623108,1,train,data\train_data\image_1707.png
image_1708,-265.5201530456543,219.6446075439453,-187.92524099349976,403.0911889076233,0,train,data\train_data\image_1708.png
image_1709,-230.6173610687256,227.18254470825195,-134.6716010570526,381.748658657074,0,train,data\train_data\image_1709.png
image_1710,868.498420715332,221.39706993103027,912.8369235992432,388.1974973678589,0,train,data\train_data\image_1710.png
image_1711,828.3478546142578,221.29750633239743,900.0721836090088,393.051558971405,0,val,data\train_data\image_1711.png
image_1712,-183.80931615829468,227.09531211853027,-120.46435832977296,360.3517332077026,1,train,data\train_data\image_1712.png
image_1713,-211.94324254989624,220.4960479736328,-170.381201505661,393.1033148765564,1,train,data\train_data\image_1713.png
image_1714,822.551794052124,224.6413555145264,893.2984256744385,384.16746759414673,0,train,data\train_data\image_1714.png
image_1715,896.8999671936035,218.12391662597656,965.0256729125977,419.5585360527039,1,val,data\train_data\image_1715.png
image_1716,858.3678245544434,222.63137245178223,900.1291751861572,374.9901785850525,0,val,data\train_data\image_1716.png
image_1717,818.22678565979,221.7866554260254,936.9664192199708,430.9714248180389,1,val,data\train_data\image_1717.png
image_1723,-215.6504201889038,227.9874649047852,-128.1402611732483,369.4656934738159,0,train,data\train_data\image_1723.png
image_1725,843.9255237579346,226.88036346435547,950.4063034057616,389.9904360771179,0,train,data\train_data\image_1725.png
image_1726,-158.5110855102539,225.69269561767575,-111.57626867294312,357.1875991821289,1,train,data\train_data\image_1726.png
image_1727,858.4507369995117,221.3588180541992,995.3046798706056,439.6181728839874,0,train,data\train_data\image_1727.png
image_1728,872.9387855529785,220.4808559417725,997.8705883026124,447.3148074150085,0,train,data\train_data\image_1728.png
image_1730,860.385103225708,214.2356433868408,916.5759658813477,443.84310269355774,0,train,data\train_data\image_1730.png
image_1732,817.9783916473389,220.69998168945312,879.3491363525391,393.5796608924866,1,train,data\train_data\image_1732.png
image_1734,-222.17848777771,223.6415138244629,-91.47918462753296,423.9314308166504,1,train,data\train_data\image_1734.png
image_1735,823.9746952056885,225.22517585754397,905.744562149048,373.84482526779175,0,train,data\train_data\image_1735.png
image_1736,-273.0893898010254,219.72388648986816,-141.47590398788452,453.5399624109268,1,train,data\train_data\image_1736.png
image_1738,-201.42554998397827,224.06056785583496,-125.60073494911194,388.0694236755371,0,train,data\train_data\image_1738.png
image_1739,-240.83117008209229,216.8773403167725,-163.58590006828308,433.4951868057251,1,train,data\train_data\image_1739.png
image_1740,816.7630290985107,226.1758937835693,890.0887870788574,371.178738117218,1,train,data\train_data\image_1740.png
image_1742,874.5065689086914,214.4192924499512,923.8375854492188,436.0137739181519,1,val,data\train_data\image_1742.png
image_1743,-241.34072542190552,221.57010459899905,-171.370507478714,399.5944466590881,1,train,data\train_data\image_1743.png
image_1744,818.5942268371582,222.3695602416992,947.8941249847412,430.6445243358612,0,train,data\train_data\image_1744.png
image_1747,884.005880355835,218.5709228515625,1009.3120765686036,440.16759300231934,0,train,data\train_data\image_1747.png
image_1748,-189.48776721954343,227.45932006835935,-95.86771845817566,371.6380181312561,0,train,data\train_data\image_1748.png
image_1749,-209.7428011894226,221.83915519714355,-161.59389853477478,387.5568356513977,0,val,data\train_data\image_1749.png
image_1750,853.0025482177734,220.0200309753418,925.7441425323486,402.4517645835877,0,train,data\train_data\image_1750.png
image_1751,-242.3045825958252,222.76343727111816,-121.48533582687378,422.23447585105896,1,train,data\train_data\image_1751.png
image_1752,869.4062519073486,218.51069831848145,927.3417091369628,411.678484916687,1,train,data\train_data\image_1752.png
image_1754,-283.31392765045166,221.877779006958,-176.2638223171234,408.2661142349243,0,train,data\train_data\image_1754.png
image_1756,801.5827560424805,225.9529628753662,906.5209865570068,392.477931022644,1,train,data\train_data\image_1756.png
image_1757,797.1457386016846,228.08711433410645,868.0670356750488,357.65424633026123,1,train,data\train_data\image_1757.png
image_1758,864.0117073059082,218.46529388427732,928.5046291351318,416.3255515098572,0,train,data\train_data\image_1758.png
image_1759,-199.53914165496823,224.51615715026853,-144.1022264957428,369.7448291778565,1,val,data\train_data\image_1759.png
image_1761,840.9713172912598,225.57974243164065,890.9524154663086,354.16568660736084,0,train,data\train_data\image_1761.png
image_1762,805.9868144989014,225.07500076293945,861.9839572906494,361.0792484283447,1,train,data\train_data\image_1762.png
image_1764,-195.138795375824,229.3232765197754,-111.10700011253356,359.30420541763306,0,train,data\train_data\image_1764.png
image_1765,-174.52950596809387,222.1077766418457,-138.7123167514801,375.8057918548584,0,train,data\train_data\image_1765.png
image_1766,792.1952819824219,228.11489486694336,883.0957317352295,367.61156463623047,1,train,data\train_data\image_1766.png
image_1767,-234.2187738418579,225.750602722168,-137.64196515083313,389.45239210128784,1,train,data\train_data\image_1767.png
image_1768,841.0620403289795,219.15377044677732,899.6996784210205,405.5136885643005,1,train,data\train_data\image_1768.png
image_1770,830.6205654144287,216.3070526123047,953.3299541473388,452.3128249645233,1,val,data\train_data\image_1770.png
image_1772,822.2568798065186,226.0442008972168,893.8116073608398,376.2998905181885,1,train,data\train_data\image_1772.png
image_1774,826.8485641479492,225.96824073791504,923.241662979126,379.70600986480713,0,val,data\train_data\image_1774.png
image_1776,856.3852214813232,218.19049263000488,972.001132965088,451.2315853834152,0,train,data\train_data\image_1776.png
image_1778,801.5364074707031,227.27346801757807,869.8614120483398,362.5852265357971,0,val,data\train_data\image_1778.png
image_1779,879.9678897857666,221.2577381134033,983.7308406829834,410.7576575279236,0,train,data\train_data\image_1779.png
image_1780,871.743335723877,213.1960620880127,925.004539489746,447.8296341896057,0,train,data\train_data\image_1780.png
image_1781,-174.85399961471558,228.42726135253903,-103.95193934440611,348.5571804046631,0,val,data\train_data\image_1781.png
image_1782,848.9641284942627,216.05159187316892,924.1394519805908,438.519157409668,1,train,data\train_data\image_1782.png
image_1783,815.6966686248779,225.7526054382324,881.4288997650146,369.9288930892944,0,train,data\train_data\image_1783.png
image_1785,842.1339797973633,220.85873985290527,881.5270900726318,386.3132991790772,1,val,data\train_data\image_1785.png
image_1787,840.5599308013916,218.52797889709475,957.6150512695312,450.00635945796967,0,train,data\train_data\image_1787.png
image_1788,800.9483814239502,220.4166259765625,941.0165977478028,446.20016717910767,1,val,data\train_data\image_1788.png
image_1790,-172.85531401634216,229.52812576293945,-94.31662917137146,355.5774440765381,1,train,data\train_data\image_1790.png
image_1791,830.9517002105713,224.543794631958,874.8437118530273,359.3586149215698,0,train,data\train_data\image_1791.png
image_1792,839.0697383880615,219.85992813110352,940.6089019775392,419.981924533844,0,val,data\train_data\image_1792.png
image_1793,802.9399967193604,224.4170799255371,878.4667110443115,385.7818427085877,1,train,data\train_data\image_1793.png
image_1794,820.8357810974121,226.23597526550293,886.2328433990479,367.3101487159729,1,train,data\train_data\image_1794.png
image_1795,790.9925365447998,227.32980155944824,880.1032447814941,374.6546592712402,1,val,data\train_data\image_1795.png
image_1796,839.1442394256592,225.47125244140625,905.1490688323976,371.3257231712341,0,train,data\train_data\image_1796.png
image_1797,819.5052337646484,227.90798568725583,897.1753978729248,368.71396684646606,1,train,data\train_data\image_1797.png
image_1798,836.9032859802246,222.57498168945312,945.5917167663574,402.5217237472534,0,train,data\train_data\image_1798.png
image_1799,-204.6504020690918,226.266788482666,-129.17078733444214,375.88000679016113,1,train,data\train_data\image_1799.png
image_1800,883.5125255584717,220.2577533721924,953.710355758667,399.7332062721253,0,train,data\train_data\image_1800.png
image_1802,-201.79661750793457,227.30013275146484,-106.79569244384766,376.3449873924256,0,train,data\train_data\image_1802.png
image_1803,800.8014392852783,222.64398956298828,872.5098037719727,385.85335397720337,1,train,data\train_data\image_1803.png
image_1804,-226.97951316833496,224.90325355529785,-121.8025553226471,402.8910818099976,1,val,data\train_data\image_1804.png
image_1810,-229.14875507354736,221.22091674804688,-168.9548885822296,400.7588472366333,0,train,data\train_data\image_1810.png
image_1811,834.838285446167,226.2002410888672,896.4216327667236,355.3167190551758,0,train,data\train_data\image_1811.png
image_1815,825.3087615966797,226.0998477935791,931.343479156494,397.410234451294,0,train,data\train_data\image_1815.png
image_1818,-176.9723117351532,229.2000522613525,-101.71539545059204,355.7395353317261,0,val,data\train_data\image_1818.png
image_1821,825.2959728240967,222.8555908203125,954.9929237365724,426.76376485824585,0,val,data\train_data\image_1821.png
image_1826,-227.86086559295651,226.01247215271,-125.84832429885864,386.661235332489,0,val,data\train_data\image_1826.png
image_1831,819.3985462188721,225.11193656921387,856.4231586456299,352.3588933944702,1,train,data\train_data\image_1831.png
image_1832,823.4483814239502,216.868013381958,880.8195877075195,419.6682455539704,1,train,data\train_data\image_1832.png
image_1840,-224.01052236557007,220.56116485595703,-143.7793743610382,413.07267570495605,1,train,data\train_data\image_1840.png
image_1842,822.586727142334,223.52950477600095,917.7093601226808,403.9180030822754,1,train,data\train_data\image_1842.png
image_1845,-273.7561011314392,217.56922149658203,-179.36926245689392,442.5056531429291,1,train,data\train_data\image_1845.png
image_1846,813.8059902191162,218.91779327392575,911.076021194458,424.4739379882813,1,train,data\train_data\image_1846.png
image_1847,-207.455735206604,215.4461708068848,-139.10199880599976,436.119209766388,1,train,data\train_data\image_1847.png
image_1850,-210.62614917755127,225.10661506652832,-114.63350415229796,394.2175903320313,1,val,data\train_data\image_1850.png
image_1852,-302.6795196533203,218.03076171875,-215.78429460525516,424.1960718631744,0,val,data\train_data\image_1852.png
image_1853,-236.6317105293274,213.3170261383057,-178.54819536209106,447.4682619571686,0,val,data\train_data\image_1853.png
image_1856,-220.15642404556277,217.04253578186035,-173.90536665916443,417.6452984809876,1,train,data\train_data\image_1856.png
image_1858,837.8660488128662,224.48937797546387,903.5458374023438,377.9031076431274,1,val,data\train_data\image_1858.png
image_1859,-294.87499952316284,222.383264541626,-187.40729570388797,420.3411831855774,1,train,data\train_data\image_1859.png
image_1860,813.9389419555664,226.98848152160645,900.3811740875244,375.74211263656616,1,train,data\train_data\image_1860.png
image_1861,846.082706451416,221.09646224975583,885.1616764068604,384.3118920326233,1,train,data\train_data\image_1861.png
image_1863,-210.5462408065796,216.47319221496585,-162.88675546646118,421.7649533748626,0,train,data\train_data\image_1863.png
image_1864,838.3364009857178,221.0416164398193,931.4696502685548,403.6778845787048,0,train,data\train_data\image_1864.png
image_1865,827.2897338867188,226.33696937561035,895.2431774139404,367.3144903182984,1,train,data\train_data\image_1865.png
image_1866,-213.53310585021973,221.293701171875,-119.73275899887084,405.03347301483154,1,train,data\train_data\image_1866.png
image_1867,858.8960266113281,221.09835052490237,898.7290191650391,384.3942680358887,0,train,data\train_data\image_1867.png
image_1868,-159.9146318435669,224.8462619781494,-128.81162881851196,353.7456169128418,0,train,data\train_data\image_1868.png
image_1870,-189.2819023132324,229.04438400268555,-115.03633975982666,355.7442846298218,0,train,data\train_data\image_1870.png
image_1871,-160.19470810890198,224.98791122436523,-121.1683738231659,355.59704208374023,0,train,data\train_data\image_1871.png
image_1872,-189.37689542770383,226.9841041564941,-106.12297296524048,361.7060270309448,0,train,data\train_data\image_1872.png
image_1873,821.585168838501,220.61063194274905,977.671880722046,463.292306303978,0,train,data\train_data\image_1873.png
image_1875,-227.59798765182492,227.2032012939453,-126.55141711235046,383.8864507675171,1,train,data\train_data\image_1875.png
image_1877,-160.81332206726074,228.3238353729248,-87.85108387470245,347.155837059021,0,train,data\train_data\image_1877.png
image_1878,866.3017559051514,213.90159034729004,927.5572299957277,444.7463169097901,1,train,data\train_data\image_1878.png
image_1879,-201.0491394996643,226.94522285461423,-106.80336356163023,376.4589848518372,0,train,data\train_data\image_1879.png
image_1880,800.2476596832275,227.17004203796387,863.4802436828613,359.3498315811157,0,train,data\train_data\image_1880.png
image_1882,811.6242599487305,226.0130157470703,883.9990997314453,377.1727385520935,1,train,data\train_data\image_1882.png
image_1883,-162.51137495040894,227.32691192626956,-110.15835642814636,352.83801460266113,0,train,data\train_data\image_1883.png
image_1884,-195.29994249343872,227.0186080932617,-100.22918343544006,386.7780151367188,0,train,data\train_data\image_1884.png
image_1886,-247.74030447006223,220.839599609375,-153.17124724388125,403.4087266921997,1,val,data\train_data\image_1886.png
image_1888,-210.59533596038816,221.7625942230225,-174.77845788002014,379.0986790657044,0,train,data\train_data\image_1888.png
image_1892,-178.8811755180359,221.64406204223636,-128.4068727493286,383.3639135360718,1,train,data\train_data\image_1892.png
image_1893,795.7157135009766,228.49326515197757,869.8051929473877,360.4522552490234,1,train,data\train_data\image_1893.png
image_1894,-188.7340235710144,227.987979888916,-94.5343279838562,379.4563927650452,1,train,data\train_data\image_1894.png
image_1898,-208.9859890937805,220.2671661376953,-164.7026002407074,391.8649568557739,1,train,data\train_data\image_1898.png
image_1901,860.0677871704102,219.76276779174805,898.2401275634766,394.9824919700623,0,train,data\train_data\image_1901.png
image_1902,-190.16902685165405,229.4129981994629,-112.2812283039093,350.86795711517334,0,train,data\train_data\image_1902.png
image_1903,800.8049583435059,228.4784164428711,888.9952182769775,364.99080324172974,1,val,data\train_data\image_1903.png
image_1904,-157.62651443481445,222.33285331726077,-116.88310503959656,376.82461643218994,1,train,data\train_data\image_1904.png
image_1907,871.0744571685791,220.07175827026367,908.3846282958984,390.6728615760803,1,train,data\train_data\image_1907.png
image_1910,-293.3942699432373,222.4329891204834,-171.97547435760498,422.08114647865295,0,val,data\train_data\image_1910.png
image_1911,780.6422138214111,226.11501121521,867.3091506958008,372.1320095062256,1,train,data\train_data\image_1911.png
image_1912,841.5990829467773,226.87841796875,938.3603954315186,378.7722291946411,0,train,data\train_data\image_1912.png
image_1913,807.7662563323975,225.33166313171387,870.8407402038574,370.4047598838806,1,train,data\train_data\image_1913.png
image_1915,-134.9173879623413,225.77583694458008,-107.5015640258789,347.5818719863892,1,train,data\train_data\image_1915.png
image_1917,906.6041564941406,217.0569839477539,996.2211799621582,440.6725420951843,1,train,data\train_data\image_1917.png
image_1920,-204.14889335632324,225.91259384155276,-121.27749681472778,369.8586263656616,0,train,data\train_data\image_1920.png
image_1921,-232.7850580215454,216.16099739074707,-156.2498116493225,443.0835118293762,1,train,data\train_data\image_1921.png
image_1924,850.8350658416748,222.9315223693848,897.0595264434814,378.2448425292969,0,train,data\train_data\image_1924.png
image_1925,821.185884475708,228.14888381958008,896.2521171569824,363.0743684768677,0,train,data\train_data\image_1925.png
image_1926,-258.05846214294434,218.67683792114255,-168.19296956062317,419.49575448036194,0,val,data\train_data\image_1926.png
image_1929,-200.0798749923706,229.46518325805664,-114.72364783287048,362.0742335319519,1,train,data\train_data\image_1929.png
image_1930,-151.36491894721985,225.2853717803955,-82.70581305027008,365.5929841995239,1,train,data\train_data\image_1930.png
image_1931,878.0918025970459,219.49145698547363,932.5827884674072,403.92955446243286,1,train,data\train_data\image_1931.png
image_1933,837.213134765625,223.86656188964844,954.9264049530028,416.907612323761,0,val,data\train_data\image_1933.png
image_1934,843.8638973236084,220.67320251464844,905.471534729004,398.487566947937,0,val,data\train_data\image_1934.png
image_1936,-300.9586572647095,221.58844375610352,-159.5914900302887,444.2746021747589,1,train,data\train_data\image_1936.png
image_1937,-329.8551678657532,222.41785430908203,-201.8230962753296,426.7380406856537,0,val,data\train_data\image_1937.png
image_1938,-187.9924464225769,227.95630836486816,-120.0826370716095,348.668345451355,0,train,data\train_data\image_1938.png
image_1941,-161.70997381210327,226.00417518615723,-111.9260823726654,352.52304458618164,1,val,data\train_data\image_1941.png
image_1943,804.3435859680176,221.38350868225095,899.4088840484619,403.15842294692993,1,train,data\train_data\image_1943.png
image_1947,-219.9209475517273,219.45414924621585,-136.29563570022583,415.47143602371216,1,val,data\train_data\image_1947.png
image_1948,-245.989830493927,223.02667999267575,-128.5866343975067,420.3243854045868,0,val,data\train_data\image_1948.png
image_1954,812.9013347625732,224.59094429016116,863.3089256286621,365.7562198638916,0,train,data\train_data\image_1954.png
image_1955,-237.68187046051025,217.2206344604492,-165.2055037021637,423.216468334198,0,train,data\train_data\image_1955.png
image_1957,865.1063060760498,212.14583778381348,927.845106124878,451.0552533864975,0,train,data\train_data\image_1957.png
image_1960,854.3063163757324,222.11530113220212,888.8260459899902,378.7966408729553,1,train,data\train_data\image_1960.png
image_1962,821.7129707336426,225.73535346984863,918.1063270568848,382.2055282592773,1,train,data\train_data\image_1962.png
image_1964,827.7844619750977,227.62022399902344,911.2830448150636,364.7296133041382,0,train,data\train_data\image_1964.png
image_1965,830.7109451293945,221.4449920654297,922.034969329834,402.12899827957153,0,train,data\train_data\image_1965.png
image_1967,813.5665225982666,222.7433815002441,850.6107044219971,370.3573026657105,1,train,data\train_data\image_1967.png
image_1968,890.1179695129395,219.6900119781494,986.1553001403807,432.4811329841614,0,train,data\train_data\image_1968.png
image_1971,917.1155834197998,215.45392417907715,981.4722919464112,441.2428834438324,1,train,data\train_data\image_1971.png
image_1972,807.2867202758789,229.4872989654541,887.1008491516113,351.8921890258789,1,train,data\train_data\image_1972.png
image_1973,-201.26856565475464,220.0474395751953,-159.2148756980896,393.7592759132385,1,train,data\train_data\image_1973.png
image_1974,-260.36569833755493,218.72012519836423,-117.82518267631532,456.1293544769287,1,train,data\train_data\image_1974.png
image_1975,-205.4711365699768,222.98917198181152,-146.88979268074036,378.1177701950073,1,train,data\train_data\image_1975.png
image_1978,-160.9620237350464,223.7847080230713,-120.7099950313568,365.1855530738831,0,train,data\train_data\image_1978.png
image_1979,-163.8102829456329,223.7174453735352,-123.3543312549591,366.4300622940064,0,train,data\train_data\image_1979.png
image_1982,-286.09132289886475,216.67374992370603,-233.51543426513672,421.1667206287384,0,train,data\train_data\image_1982.png
image_1984,-216.40459299087524,218.303674697876,-169.48686718940735,406.72284984588623,1,train,data\train_data\image_1984.png
image_1985,-170.06051659584045,222.9678001403809,-130.25600910186768,371.7723717689514,0,val,data\train_data\image_1985.png
image_1986,-184.59651231765747,222.42288970947263,-151.41040921211243,373.5159721374512,1,train,data\train_data\image_1986.png
image_1987,-157.26245284080505,224.6192111968994,-126.24348878860474,356.8247928619385,1,train,data\train_data\image_1987.png
image_1988,-231.59351348876956,223.6404838562012,-139.1939127445221,398.76187467575073,0,val,data\train_data\image_1988.png
image_1989,-155.65183997154236,228.7677230834961,-78.75704348087311,351.49951362609863,1,train,data\train_data\image_1989.png
image_1990,847.0156002044678,220.8398284912109,1000.8520889282228,456.6952129602432,1,train,data\train_data\image_1990.png
image_1991,-219.63489532470703,221.7576160430908,-97.93439269065856,420.505970954895,1,train,data\train_data\image_1991.png
image_1993,832.4830055236816,227.33746910095212,916.2460327148438,360.8681049346924,0,val,data\train_data\image_1993.png
image_1996,810.8892917633057,225.8911361694336,917.450065612793,393.2112112045288,0,train,data\train_data\image_1996.png
image_1997,819.6574974060059,227.84839057922363,898.4328174591064,365.7615485191345,0,train,data\train_data\image_1997.png
image_1998,827.7430057525635,227.2724666595459,931.0267639160156,389.6336379051209,0,train,data\train_data\image_1998.png
image_1999,831.8273448944092,217.40579986572263,926.500997543335,432.8848555088043,1,train,data\train_data\image_1999.png
image_2000,863.6016082763672,221.0970344543457,998.5594654083252,436.8277814388275,1,train,data\train_data\image_2000.png
image_2002,822.456521987915,228.1854476928711,909.8595428466796,363.9556136131287,0,train,data\train_data\image_2002.png
image_2004,-199.03613090515137,227.52294921875,-121.26544833183289,368.0580344200134,1,train,data\train_data\image_2004.png
image_2007,-332.8625679016113,221.60043144226077,-196.00431203842163,437.3563446998596,0,val,data\train_data\image_2007.png
image_2008,894.7833824157715,217.60721588134768,996.232852935791,436.5126469135285,0,val,data\train_data\image_2008.png
image_2009,-164.43474411964417,228.95984077453613,-86.34590864181519,354.74467182159424,1,val,data\train_data\image_2009.png
image_2020,802.4203777313232,226.8871726989746,905.0704479217528,392.92170429229736,1,val,data\train_data\image_2020.png
image_2021,811.7773818969727,223.31158065795896,950.0772285461426,439.3699398040772,0,val,data\train_data\image_2021.png
image_2022,810.2204990386963,224.6108570098877,840.3942775726318,354.02416610717773,1,train,data\train_data\image_2022.png
image_2024,-188.12638521194455,221.9496192932129,-145.80957055091858,380.0893225669861,0,train,data\train_data\image_2024.png
image_2027,834.3281078338623,216.357177734375,914.137086868286,439.9539532661438,1,train,data\train_data\image_2027.png
image_2030,-209.07574653625488,224.46274185180664,-97.71459102630617,399.98145723342896,1,val,data\train_data\image_2030.png
image_2031,-168.73438954353333,229.62631607055664,-92.4908173084259,349.81252574920654,1,val,data\train_data\image_2031.png
image_2033,-274.3135929107666,219.5878162384033,-148.1457531452179,436.53493428230286,0,train,data\train_data\image_2033.png
image_2034,828.1881237030029,227.66585731506348,911.8539905548096,373.2817187309265,1,train,data\train_data\image_2034.png
image_2035,-179.67427253723145,223.10161018371585,-113.93564701080322,374.1060438156128,1,train,data\train_data\image_2035.png
image_2038,-217.07083225250244,222.9744663238525,-111.89044117927553,401.92316198349,1,train,data\train_data\image_2038.png
image_2042,-233.82826566696167,222.5183906555176,-150.17528414726257,401.8013610839844,0,train,data\train_data\image_2042.png
image_2044,780.9958362579346,228.99849319458008,858.2384777069092,353.58680152893066,1,train,data\train_data\image_2044.png
image_2046,837.5647830963135,225.1081314086914,948.3504867553712,398.99853134155273,0,train,data\train_data\image_2046.png
image_2049,-258.3601999282837,219.60976028442383,-196.7978382110596,411.16097593307495,1,train,data\train_data\image_2049.png
image_2050,831.9792652130127,224.20782470703125,896.2994956970215,376.449357509613,1,val,data\train_data\image_2050.png
image_2052,-242.8926944732666,225.16277694702148,-127.47581362724304,409.3056740760803,1,train,data\train_data\image_2052.png
image_2053,878.2345390319824,221.20898628234863,997.1884918212892,421.13454484939575,0,train,data\train_data\image_2053.png
image_2054,-225.78706741333008,219.46324729919436,-158.27748656272888,409.3745102882385,1,train,data\train_data\image_2054.png
image_2055,805.2861785888672,227.22503089904785,895.0382995605469,378.1932439804077,0,train,data\train_data\image_2055.png
image_2057,-265.40318727493286,219.65113067626956,-157.4836814403534,440.4488637447357,1,train,data\train_data\image_2057.png
image_2058,837.841329574585,219.18074989318848,945.2204990386964,445.2333130836487,1,train,data\train_data\image_2058.png
image_2059,896.6873645782471,217.21039199829104,964.2415237426758,426.7280986309052,1,train,data\train_data\image_2059.png
image_2060,871.496057510376,220.14903450012207,929.9383449554444,400.3815999031067,0,train,data\train_data\image_2060.png
image_2062,798.5579109191895,225.64408683776853,908.0831050872804,392.60376596450806,0,train,data\train_data\image_2062.png
image_2063,-245.2775859832764,226.5550079345703,-133.85098457336426,397.7232375144959,0,train,data\train_data\image_2063.png
image_2065,916.442756652832,214.8071327209473,969.671688079834,433.144743680954,0,train,data\train_data\image_2065.png
image_2066,894.8534202575684,219.0099468231201,937.3233032226562,399.3639054298401,0,train,data\train_data\image_2066.png
image_2067,870.3971672058105,216.6336097717285,916.8780899047852,422.8016951084137,0,train,data\train_data\image_2067.png
image_2068,-252.38065481185916,220.925745010376,-175.60869812965393,394.0207877159119,0,train,data\train_data\image_2068.png
image_2069,875.3695964813232,220.41579627990723,920.1407718658448,390.3750147819519,0,train,data\train_data\image_2069.png
image_2070,854.6189975738525,222.4827136993408,978.3389568328856,419.239599943161,1,train,data\train_data\image_2070.png
image_2074,785.7321453094482,229.42163848876956,868.7873268127441,356.681884765625,1,train,data\train_data\image_2074.png
image_2077,-213.2594132423401,222.1609916687012,-151.00570678710938,385.4555287361145,1,train,data\train_data\image_2077.png
image_2085,836.8251800537109,225.89122200012207,864.9227142333984,348.7709560394287,0,val,data\train_data\image_2085.png
image_2087,-218.0967879295349,219.67201614379883,-161.0082650184631,399.8431482315064,1,train,data\train_data\image_2087.png
image_2092,861.4336109161377,220.92940711975095,948.8038444519044,414.36522150039673,1,train,data\train_data\image_2092.png
image_2093,-159.91207838058472,224.58462142944336,-127.65676617622375,356.1720504760742,1,val,data\train_data\image_2093.png
image_2103,-153.07000994682312,229.2002239227295,-91.08762502670288,348.6407651901245,1,train,data\train_data\image_2103.png
image_2105,-187.54417419433597,220.7894458770752,-145.91062545776367,387.027503490448,0,train,data\train_data\image_2105.png
image_2106,863.6283016204834,215.5013313293457,947.6483917236328,452.25713872909546,1,val,data\train_data\image_2106.png
image_2107,814.112663269043,221.8711986541748,858.4396648406982,381.5487732887268,1,val,data\train_data\image_2107.png
image_2109,-232.8106141090393,225.6431427001953,-137.56476044654846,381.9893851280213,0,val,data\train_data\image_2109.png
image_2110,815.6386470794678,224.63251495361328,861.5771198272705,361.265694141388,1,train,data\train_data\image_2110.png
image_2112,-278.76490116119385,224.25843620300293,-177.4316668510437,408.17458295822144,0,train,data\train_data\image_2112.png
image_2113,-191.66100025177,226.74271965026853,-103.8612699508667,366.585723400116,1,train,data\train_data\image_2113.png
image_2116,826.023473739624,228.2366600036621,908.5502815246582,364.81270456314087,0,val,data\train_data\image_2116.png
image_2118,801.3782215118408,229.17696380615237,878.8076305389404,349.99252700805664,1,val,data\train_data\image_2118.png
image_2119,818.2336521148682,226.11275100708008,870.7960224151611,352.84708404541016,1,val,data\train_data\image_2119.png
image_2123,816.4379024505615,221.6642608642578,957.2024631500244,441.1666944026947,1,train,data\train_data\image_2123.png
image_2126,-248.35957288742063,218.50878143310547,-139.72128868103027,446.8758227825165,0,train,data\train_data\image_2126.png
image_2127,803.7226867675781,226.7059841156006,899.0952587127686,378.8094511032105,0,val,data\train_data\image_2127.png
image_2130,-230.2811622619629,228.12118911743164,-133.15462946891785,376.5446510314941,0,train,data\train_data\image_2130.png
image_2133,831.4532947540283,218.2332935333252,920.287628173828,433.2161798477173,1,val,data\train_data\image_2133.png
image_2135,-235.06439924240112,218.2086887359619,-133.9477801322937,430.9336521625519,1,train,data\train_data\image_2135.png
image_2138,827.6937389373779,225.79466247558597,920.7042503356934,393.9447417259216,1,train,data\train_data\image_2138.png
image_2139,826.5824890136719,217.6821460723877,914.43097114563,436.30682849884033,1,train,data\train_data\image_2139.png
image_2142,782.5522041320801,228.8072624206543,862.5172233581543,355.1440706253052,1,val,data\train_data\image_2142.png
image_2146,818.038215637207,228.55632209777832,887.466230392456,356.5858688354492,0,val,data\train_data\image_2146.png
image_2148,-180.0244402885437,225.64843559265137,-109.50342535972597,365.9172525405884,0,train,data\train_data\image_2148.png
image_2149,-222.26140022277832,223.13594245910645,-120.55642247200012,399.7600069046021,0,train,data\train_data\image_2149.png
image_2150,884.7263431549072,217.36769104003903,961.1990833282472,422.9619016647339,0,train,data\train_data\image_2150.png
image_2154,-198.32388639450076,225.2516975402832,-135.86211562156677,373.9230027198792,0,val,data\train_data\image_2154.png
image_2156,848.9221572875977,223.639196395874,884.8092555999756,360.2972807884216,0,val,data\train_data\image_2156.png
image_2157,-185.7271385192871,225.5046119689941,-128.6370813846588,365.1335253715515,1,train,data\train_data\image_2157.png
image_2158,791.6291427612305,229.00432968139648,861.2150001525879,349.9740877151489,0,train,data\train_data\image_2158.png
image_2161,793.9960098266602,227.4192657470703,894.4203186035156,380.2135982513428,0,train,data\train_data\image_2161.png
image_2162,832.0330810546875,222.8017177581787,944.4328308105468,407.8754558563232,1,train,data\train_data\image_2162.png
image_2164,876.7882919311523,218.6881103515625,973.1664562225342,422.97494077682495,0,train,data\train_data\image_2164.png
image_2169,870.5905437469482,219.37841796875,931.5665531158448,405.0794925689697,0,train,data\train_data\image_2169.png
image_2172,-279.14459466934204,218.08915519714355,-179.17596101760864,444.0172746181488,0,train,data\train_data\image_2172.png
image_2175,850.9711074829102,223.1325664520264,930.7583713531494,383.7444367408752,0,val,data\train_data\image_2175.png
image_2176,-236.28804445266724,223.1954517364502,-141.88539147377014,394.7754611968994,1,val,data\train_data\image_2176.png
image_2179,-265.8919286727905,224.04846572875977,-146.98756456375122,408.4370102882385,0,train,data\train_data\image_2179.png
image_2181,-204.78991985321045,226.39636421203613,-100.95429182052612,385.8803119659424,1,val,data\train_data\image_2181.png
image_2183,-163.26424956321716,225.1638069152832,-121.04179501533508,356.7270603179932,1,val,data\train_data\image_2183.png
image_2184,834.8935604095459,223.5943927764893,868.5877704620361,365.1669063568115,1,val,data\train_data\image_2184.png
image_2188,-177.0319640636444,224.39496421813965,-119.41872596740724,371.5303363800049,0,train,data\train_data\image_2188.png
image_2194,802.4673271179199,229.2071475982666,877.9013442993164,349.2018690109253,0,train,data\train_data\image_2194.png
image_2201,-163.9887034893036,227.34650993347168,-117.90653944015504,346.0780324935913,1,train,data\train_data\image_2201.png
image_2202,-183.66703033447263,225.1920166015625,-135.46318531036377,360.7248821258545,0,train,data\train_data\image_2202.png
image_2206,-146.5471887588501,225.6175079345703,-113.57023358345032,348.30485248565674,0,train,data\train_data\image_2206.png
image_2207,-261.59374237060547,223.52441215515137,-141.43549919128418,412.8139820098877,1,train,data\train_data\image_2207.png
image_2208,853.3689594268799,215.249418258667,926.5878582000732,437.6042881011963,1,val,data\train_data\image_2208.png
image_2212,-221.6670656204224,224.0655460357666,-117.89156198501588,396.9042339324951,1,train,data\train_data\image_2212.png
image_2214,-225.33785104751587,226.64907836914065,-139.96193647384644,368.7569108009338,0,train,data\train_data\image_2214.png
image_2216,907.7908515930176,217.201322555542,984.6523189544678,421.02884435653687,0,train,data\train_data\image_2216.png
image_2217,-243.4399509429932,212.8265609741211,-187.89271116256717,449.8592635393143,0,train,data\train_data\image_2217.png
image_2220,870.3507328033447,217.32843780517575,924.1653728485109,422.2752311229706,1,train,data\train_data\image_2220.png
image_2222,812.287130355835,224.4943561553955,853.2199573516846,355.0614585876465,1,train,data\train_data\image_2222.png
image_2223,-203.30719470977783,226.39665031433103,-103.46638441085815,391.02831506729126,0,train,data\train_data\image_2223.png
image_2225,868.469066619873,217.28609466552732,941.6474533081056,435.5523517131805,0,train,data\train_data\image_2225.png
image_2226,-221.89552545547485,224.9493732452393,-113.16107869148254,397.2255482673645,1,train,data\train_data\image_2226.png
image_2228,-233.4993839263916,221.8608989715576,-99.46334838867188,429.6797444820404,1,val,data\train_data\image_2228.png
image_2229,-286.4545583724976,216.5461196899414,-167.08151578903198,449.3667384386063,0,train,data\train_data\image_2229.png
image_2230,-258.4818434715271,225.19659423828125,-156.508709192276,398.6980023384094,1,train,data\train_data\image_2230.png
image_2233,859.2357444763184,223.932165145874,922.067413330078,378.9756693840027,0,train,data\train_data\image_2233.png
image_2234,835.588788986206,224.2021312713623,920.6990146636964,383.0297245979309,0,train,data\train_data\image_2234.png
image_2236,-155.2563750743866,227.9969062805176,-78.34641873836517,355.32198333740234,1,train,data\train_data\image_2236.png
image_2237,816.522274017334,222.13899040222168,927.2202587127686,411.9255700111389,1,train,data\train_data\image_2237.png
image_2238,828.8749408721924,224.11727333068848,892.1949863433838,377.6180353164673,0,train,data\train_data\image_2238.png
image_2239,-261.1358141899109,225.37998580932617,-150.36884307861328,396.4632501602173,0,train,data\train_data\image_2239.png
image_2240,-245.81604480743408,216.86463737487796,-192.67133474349976,422.11203479766846,1,train,data\train_data\image_2240.png
image_2244,800.0974559783936,219.2088737487793,956.4597702026368,459.0892025232315,1,train,data\train_data\image_2244.png
image_2245,860.3390979766846,224.003662109375,988.85235786438,430.2715148925781,1,train,data\train_data\image_2245.png
image_2248,878.5857582092285,216.55693435668945,985.440502166748,442.4121584892273,0,train,data\train_data\image_2248.png
image_2250,-225.4474139213562,226.7902984619141,-128.47044110298157,377.17537784576416,0,train,data\train_data\image_2250.png
image_2257,859.0264892578125,222.1059455871582,896.2219905853271,379.7757043838501,0,train,data\train_data\image_2257.png
image_2260,-191.689088344574,221.6463222503662,-127.77757287025452,393.2645621299744,1,train,data\train_data\image_2260.png
image_2265,-207.3881435394287,220.3491058349609,-169.54437375068665,389.6663537025452,0,train,data\train_data\image_2265.png
image_2267,842.2958564758301,224.4995346069336,882.2834300994873,358.42944049835205,0,train,data\train_data\image_2267.png
image_2268,833.5072231292725,219.24429321289065,908.3788776397704,414.5068850517273,0,val,data\train_data\image_2268.png
image_2270,-165.25935173034668,224.8890914916992,-130.44626355171204,355.12141132354736,0,train,data\train_data\image_2270.png
image_2271,-272.88442611694336,220.74927711486816,-131.3994026184082,443.6643531322479,0,val,data\train_data\image_2271.png
image_2278,-171.07682704925537,225.16171836853027,-126.47384762763976,355.51350021362305,1,train,data\train_data\image_2278.png
image_2279,-275.0846099853516,226.2397804260254,-162.1133029460907,403.5921039581299,0,train,data\train_data\image_2279.png
image_2281,-148.30007672309875,228.85692977905276,-91.2619149684906,347.34861278533936,0,train,data\train_data\image_2281.png
image_2282,818.3198261260986,228.84359741210935,905.7636165618896,368.5244240760803,1,train,data\train_data\image_2282.png
image_2284,797.6081943511963,228.3377685546875,879.1946411132812,362.13331365585327,0,train,data\train_data\image_2284.png
image_2288,841.9394874572754,222.8219738006592,881.4202308654785,368.6879029273987,0,train,data\train_data\image_2288.png
image_2292,-189.9311900138855,220.5957260131836,-146.16364359855652,389.2813386917114,0,train,data\train_data\image_2292.png
image_2295,-173.08210015296936,221.9066467285156,-136.97535037994385,374.2327513694763,0,train,data\train_data\image_2295.png
image_2298,830.4863262176514,222.95647048950195,961.5188026428224,439.5844485759735,0,train,data\train_data\image_2298.png
image_2317,850.8796119689941,223.18944358825684,928.58642578125,390.9115138053894,1,val,data\train_data\image_2317.png
image_2318,801.7104721069336,229.02338409423828,874.9074840545654,352.666296005249,0,train,data\train_data\image_2318.png
image_2323,817.0968246459961,222.81476402282715,937.0992851257324,419.5279982089996,0,train,data\train_data\image_2323.png
image_2325,818.5065937042236,223.8502540588379,929.8029899597168,410.4772343635559,1,train,data\train_data\image_2325.png
image_2329,-195.418860912323,218.2251968383789,-138.57269167900083,404.50352573394775,0,train,data\train_data\image_2329.png
image_2330,864.3655014038086,223.56229209899905,992.4120140075684,420.0931503772736,0,train,data\train_data\image_2330.png
image_2332,807.9388618469238,223.77523803710935,928.2938289642334,417.7657117843628,1,train,data\train_data\image_2332.png
image_2338,-235.66238164901733,224.15352249145508,-131.46674752235413,395.1221385002136,1,train,data\train_data\image_2338.png
image_2341,-282.9106307029724,218.96334075927732,-209.3108582496643,419.2244508266449,0,val,data\train_data\image_2341.png
image_2344,-245.80381393432617,221.5584602355957,-132.1092975139618,434.30637979507446,1,val,data\train_data\image_2344.png
image_2349,855.6704235076904,222.98825645446777,891.8582725524902,368.8715734481812,0,val,data\train_data\image_2349.png
image_2351,-261.2155508995056,214.41791915893555,-189.7063136100769,445.27819180488586,0,train,data\train_data\image_2351.png
image_2357,803.7015724182129,227.81786346435547,868.6532592773438,355.7587757110596,1,train,data\train_data\image_2357.png
image_2359,-158.8249146938324,224.27145385742188,-105.89798927307127,363.0268397331238,1,train,data\train_data\image_2359.png
image_2366,837.5566291809082,221.63221740722656,872.5605297088623,379.89675426483154,1,val,data\train_data\image_2366.png
image_2367,836.0206031799316,220.1772727966309,981.8452262878418,452.48021626472473,1,train,data\train_data\image_2367.png
image_2368,-284.099063873291,221.64251708984372,-153.22118997573853,446.6950311660767,0,train,data\train_data\image_2368.png
image_2370,-250.43452978134155,221.27350234985352,-157.41528511047363,405.2166714668274,0,train,data\train_data\image_2370.png
image_2379,828.9760494232178,227.30322265625,893.532657623291,357.9792728424072,1,train,data\train_data\image_2379.png
image_2383,832.0955657958984,225.65404319763184,935.5015468597412,391.18475580215454,1,train,data\train_data\image_2383.png
image_2389,-221.1813926696777,218.75834846496585,-178.2838261127472,407.7070560455322,0,train,data\train_data\image_2389.png
image_2390,842.1859073638916,223.6692371368408,921.09881401062,392.8060688972473,1,train,data\train_data\image_2390.png
image_2391,856.9632053375244,215.45895957946777,921.8028831481934,434.45936584472656,1,train,data\train_data\image_2391.png
image_2395,840.3164291381836,219.8951187133789,927.9388332366944,420.2816596031189,0,val,data\train_data\image_2395.png
image_2401,824.8228740692139,227.20637702941892,881.3808345794678,348.19899463653564,0,train,data\train_data\image_2401.png
image_2403,825.3030109405518,218.6247673034668,911.8355369567872,433.9532294273377,1,train,data\train_data\image_2403.png
image_2404,806.4382839202881,224.90093612670896,873.8727951049805,377.9568448066712,0,train,data\train_data\image_2404.png
image_2405,-131.21004939079285,224.948486328125,-102.8884220123291,353.0000915527344,1,train,data\train_data\image_2405.png
image_2406,791.7540264129639,229.2517509460449,868.0384540557861,349.54842472076416,1,train,data\train_data\image_2406.png
image_2411,806.782808303833,224.85164070129397,912.084617614746,392.2921934127808,0,train,data\train_data\image_2411.png
image_2419,-174.3743133544922,225.22305870056152,-125.7331609725952,357.1133270263672,0,train,data\train_data\image_2419.png
image_2423,871.0120582580566,219.6966781616211,963.5788249969482,414.334780216217,0,train,data\train_data\image_2423.png
image_2430,-270.8530068397522,221.29865074157715,-138.80673050880432,431.951625585556,1,val,data\train_data\image_2430.png
image_2433,-259.11340713500977,226.04182624816892,-149.448823928833,403.89997148513794,0,train,data\train_data\image_2433.png
image_2434,-183.35651636123657,219.94487190246585,-135.17722964286804,396.3387241363525,0,train,data\train_data\image_2434.png
image_2438,-293.9115500450134,218.78827476501465,-201.43424034118647,421.40893483161926,0,val,data\train_data\image_2438.png
image_2443,-240.964937210083,218.04160499572757,-169.2170262336731,421.4638414382935,1,train,data\train_data\image_2443.png
image_2444,-144.4819414615631,225.4853000640869,-89.61458802223206,358.28404331207275,1,train,data\train_data\image_2444.png
image_2446,802.6315212249756,226.29568481445312,860.6915187835693,359.95815658569336,0,train,data\train_data\image_2446.png
image_2454,819.040117263794,224.5580997467041,906.3912105560304,381.5150060653687,0,train,data\train_data\image_2454.png
image_2456,-287.46999979019165,223.06258583068848,-147.07643151283264,437.4966492652893,1,train,data\train_data\image_2456.png
image_2457,805.3986167907715,224.424919128418,878.6873817443848,371.95539140701294,1,train,data\train_data\image_2457.png
image_2462,-238.5058879852295,214.1052951812744,-183.23555946350095,442.156965970993,1,train,data\train_data\image_2462.png
image_2467,-193.26277256011963,222.2835292816162,-150.69637298583984,375.6919660568237,1,train,data\train_data\image_2467.png
image_2469,843.8707637786865,222.1201934814453,907.1789646148682,385.1077070236206,0,val,data\train_data\image_2469.png
image_2479,842.9808712005615,224.03862380981445,955.6376838684082,415.6306805610657,1,train,data\train_data\image_2479.png
image_2489,-188.5968017578125,218.07413482666016,-147.01110363006592,408.52965021133423,0,train,data\train_data\image_2489.png
image_2496,858.8225555419922,220.7824935913086,981.9323444366456,443.2473554611206,0,train,data\train_data\image_2496.png
image_2498,-173.21994423866272,224.38186073303223,-134.2776596546173,359.5073380470276,1,train,data\train_data\image_2498.png
image_2502,848.8354682922363,222.8699531555176,881.0491847991943,368.3521046638489,0,train,data\train_data\image_2502.png
image_2509,828.7613868713379,221.01483726501465,952.9183101654052,442.451007604599,0,train,data\train_data\image_2509.png
image_2517,-180.92029809951785,220.49653434753415,-130.18089652061462,391.4942970275879,1,train,data\train_data\image_2517.png
image_2521,900.8338451385498,220.180362701416,1032.35933303833,439.3925025463104,0,train,data\train_data\image_2521.png
image_2529,-204.49185132980347,226.2800350189209,-110.8083951473236,383.3728756904602,1,train,data\train_data\image_2529.png
image_2533,831.8653678894043,225.17765426635745,942.5057601928712,401.5703477859497,1,train,data\train_data\image_2533.png
image_2537,-176.544349193573,225.34233474731445,-113.83708119392396,363.7467803955078,1,train,data\train_data\image_2537.png
image_2539,-184.05659437179563,229.30960083007807,-96.96027874946594,363.9349141120911,1,train,data\train_data\image_2539.png
image_2547,-218.3500099182129,221.01266288757324,-144.84480142593384,403.2699241638184,1,train,data\train_data\image_2547.png
image_2551,-191.64563655853271,223.90684509277344,-117.23798274993896,389.7587432861328,0,train,data\train_data\image_2551.png
image_2555,-193.58697652816767,221.8491973876953,-143.0385160446167,377.5492134094238,1,train,data\train_data\image_2555.png
image_2563,871.7172431945801,220.64605140686035,967.9177379608154,424.53123712539673,0,train,data\train_data\image_2563.png
image_2570,-186.37389421463013,222.86823654174805,-117.65635371208192,389.0851011276245,1,train,data\train_data\image_2570.png
image_2571,819.3122863769531,222.9921760559082,851.1664581298828,367.65322828292847,1,train,data\train_data\image_2571.png
image_2580,-206.61388635635376,221.99216270446777,-142.0647668838501,387.70035886764526,1,train,data\train_data\image_2580.png
image_2584,-133.5522186756134,225.6604518890381,-98.20210933685304,349.6214094161988,1,train,data\train_data\image_2584.png
image_2592,834.66628074646,218.142484664917,914.5010948181152,420.8036603927612,0,train,data\train_data\image_2592.png
image_2599,-300.8246111869812,222.74775886535645,-178.54322791099548,418.5420432090759,0,train,data\train_data\image_2599.png
image_2600,826.2744426727295,224.6268787384033,927.425479888916,392.63495111465454,0,train,data\train_data\image_2600.png
image_2602,-271.4544868469238,225.79237365722656,-152.70060539245603,410.2878847122192,0,train,data\train_data\image_2602.png
image_2603,858.8180065155029,221.12716102600095,980.198736190796,425.3668739795685,1,train,data\train_data\image_2603.png
image_2605,835.3588485717773,220.8215751647949,908.6149978637696,394.17146348953247,0,train,data\train_data\image_2605.png
image_2606,-211.88957691192627,225.05194091796875,-101.83117032051086,403.8523783683777,1,val,data\train_data\image_2606.png
image_2612,841.488447189331,221.5764274597168,878.4023380279541,379.4695677757263,0,train,data\train_data\image_2612.png
image_2613,814.0736103057861,225.7311191558838,908.6555099487304,392.4956622123718,1,train,data\train_data\image_2613.png
image_2619,817.833423614502,226.3002052307129,867.7138423919678,350.29096031188965,0,train,data\train_data\image_2619.png
image_2623,-174.51334834098816,227.3785820007324,-85.24562358856201,370.12545251846313,1,train,data\train_data\image_2623.png
image_2625,841.5222644805908,218.80549812316892,978.5339641571044,460.5796399116516,0,train,data\train_data\image_2625.png
image_2628,799.3666934967041,219.96023559570312,928.1971836090088,436.3532807826996,1,val,data\train_data\image_2628.png
image_2632,-203.24207067489624,223.60437774658203,-152.17833638191223,369.2202033996582,0,train,data\train_data\image_2632.png
image_2634,-269.3118095397949,222.3491611480713,-145.5989420413971,425.1765122413635,0,val,data\train_data\image_2634.png
image_2635,-167.96249270439148,227.83079528808597,-104.28624987602234,347.40025424957275,0,train,data\train_data\image_2635.png
image_2638,-155.44199466705322,225.55147552490237,-116.36772394180298,350.7452907562256,1,train,data\train_data\image_2638.png
image_2642,860.0734519958496,215.3082981109619,977.4382495880128,458.2307597398758,0,train,data\train_data\image_2642.png
image_2645,818.9816665649414,224.8400249481201,860.1004886627197,356.584753036499,0,train,data\train_data\image_2645.png
image_2648,877.9987621307373,213.5292854309082,931.7975234985352,447.0308508872986,0,val,data\train_data\image_2648.png
image_2669,809.8964881896973,217.39487075805664,918.7186431884766,431.62417793273926,1,train,data\train_data\image_2669.png
image_2672,818.5107135772705,223.3166160583496,942.5197505950928,419.0138151645661,0,train,data\train_data\image_2672.png
image_2684,865.2274131774902,213.2839527130127,920.7653617858888,446.55948662757874,1,train,data\train_data\image_2684.png
image_2689,875.8548831939697,215.61219596862796,961.0138607025146,447.37899804115295,0,train,data\train_data\image_2689.png
image_2711,-252.3954176902771,221.6969337463379,-171.0128939151764,406.15046644210815,0,train,data\train_data\image_2711.png
image_2740,862.8914451599121,216.4518203735352,952.2676277160645,434.4004108905792,0,train,data\train_data\image_2740.png
image_2749,803.14453125,224.32426834106445,837.3017978668213,357.4365653991699,1,train,data\train_data\image_2749.png
image_2766,-328.329656124115,220.1350440979004,-183.6725234985352,448.24054861068726,0,val,data\train_data\image_2766.png
image_2792,814.5005321502686,229.1661777496338,890.3983783721924,348.6100234985352,0,train,data\train_data\image_2792.png
image_2872,-329.4868469238281,221.9190349578857,-194.9268579483032,437.3224487304688,0,train,data\train_data\image_2872.png
image_2922,826.0806369781494,221.2999095916748,909.3033599853516,406.716748714447,1,train,data\train_data\image_2922.png
image_2943,905.7900524139404,219.48882484436035,1034.3625354766846,439.5433392524719,0,train,data\train_data\image_2943.png
image_2976,-253.0887579917908,217.84273529052732,-159.6544361114502,426.6367890834808,0,train,data\train_data\image_2976.png
image_2977,804.0924453735352,227.71787071228027,888.4376621246338,359.8063864707947,1,train,data\train_data\image_2977.png
image_2978,-319.4303226470947,221.39964485168457,-191.996169090271,431.3212707042694,0,train,data\train_data\image_2978.png
image_2980,-273.1336569786072,221.7906894683838,-178.63685846328735,415.843376159668,0,val,data\train_data\image_2980.png
image_2981,-331.33147716522217,221.37003326416016,-186.48476600646973,448.9964702129364,0,train,data\train_data\image_2981.png
image_2983,-218.7502598762512,226.25794792175293,-125.57937383651732,384.31526803970337,0,train,data\train_data\image_2983.png
image_2984,829.3612575531006,224.6987762451172,857.4792194366455,354.8443784713745,0,train,data\train_data\image_2984.png
image_2986,850.8204746246338,224.79808235168457,960.5867671966552,399.5731892585754,0,val,data\train_data\image_2986.png
image_2987,-184.2991733551025,223.08867835998532,-131.10626935958862,377.6046600341797,1,train,data\train_data\image_2987.png
image_2988,-253.7641167640686,222.18768501281735,-144.6219527721405,420.1868345737457,1,val,data\train_data\image_2988.png
image_2989,-209.5467638969421,226.9913425445557,-113.0556571483612,376.02730655670166,0,train,data\train_data\image_2989.png
image_2994,817.2484016418457,225.2424278259277,871.8158626556396,363.6104383468628,0,train,data\train_data\image_2994.png
image_2996,-192.75113582611084,227.02536010742188,-127.39043354988098,362.44181776046753,1,train,data\train_data\image_2996.png
image_2999,855.9952926635742,220.27220153808597,893.7259483337402,390.66970014572144,0,train,data\train_data\image_2999.png
